index,psychological_wellbeing,wellbeing,health,well,illness,personal_well,psychological,depression,health_crisis,mental_health,mental_wellbeing,mental,impact_mental,mental_illness,poor_mental,feel_healthy,healthy,mood,mood_disturbance,subjective_well,psychological_restoration,mental_well,human_health,health_promoting,geriatric_depression,psychophysiological_wellbeing,health_promotion,social_health,emotional_well,subjective_wellbeing,residents_mental,mental_functioning,internal_well,psychology,psychological_demands,depression_anxiety,mental_hrqol,neuropsychological,hedonic_well,individual_mental,positive_mental,person_mental,mental_disorder,mental_restoration,psychological_health,psychological_well,high_depression,determinants_depression
conventional_buildings,0.12602920830249786,0.22071869671344757,0.08480870723724365,0.17026914656162262,0.07260359823703766,0.2396816462278366,0.06030174717307091,0.16472899913787842,0.18396715819835663,0.18298043310642242,0.24439997971057892,0.12936535477638245,0.1277174949645996,0.0892394483089447,0.10871338099241257,0.09225963056087494,0.1158113107085228,0.09019847959280014,0.08452631533145905,0.13437171280384064,0.15237070620059967,0.19538946449756622,0.1099226251244545,0.09222850948572159,0.22090210020542145,0.16555584967136383,0.05605817213654518,0.08054821193218231,0.06539797782897949,0.16379116475582123,0.07526730000972748,0.07588482648134232,0.16502198576927185,0.06936483830213547,0.23211096227169037,0.08924458175897598,0.08960621803998947,0.06599100679159164,0.09436378628015518,0.1719493418931961,0.11444298177957535,0.06401538848876953,0.11687619984149933,0.11630517989397049,0.18362075090408325,0.13872617483139038,0.12951557338237762,0.16449449956417084
building,0.12602920830249786,0.22071869671344757,,0.1412682682275772,,0.2396816462278366,,0.07903441786766052,0.18396715819835663,0.18298043310642242,0.24439997971057892,0.12936535477638245,0.07457824796438217,0.0892394483089447,,0.09225963056087494,,0.09019847959280014,,0.13437171280384064,0.15237070620059967,0.19321808218955994,,0.05472767353057861,0.22090210020542145,,0.05605817213654518,0.08054821193218231,0.06539797782897949,0.14705893397331238,0.07526730000972748,0.07588482648134232,0.16502198576927185,0.06936483830213547,0.23211096227169037,0.08924458175897598,0.08960621803998947,0.06599100679159164,0.09436378628015518,0.1719493418931961,0.09483996033668518,0.06401538848876953,0.11687619984149933,0.11630517989397049,0.0750235989689827,0.13872617483139038,0.12951557338237762,0.16449449956417084
building_occupants,0.12602920830249786,0.22071869671344757,0.12028754502534866,0.17026914656162262,0.05894038826227188,0.2396816462278366,0.09812009334564209,0.16472899913787842,0.18396715819835663,0.2094414085149765,0.24439997971057892,0.1322990357875824,0.14022968709468842,0.11007318645715714,0.07908599078655243,0.09225963056087494,,0.09019847959280014,,0.13437171280384064,0.1864069253206253,0.19321808218955994,0.10090344399213791,0.1796526163816452,0.22090210020542145,,0.11997607350349426,0.08054821193218231,0.1345580518245697,0.14705893397331238,0.07694694399833679,0.2604767978191376,0.16502198576927185,0.09251604229211807,0.23211096227169037,0.10253916680812836,0.08960621803998947,0.15240348875522614,0.11375848948955536,0.2149461805820465,0.14884954690933228,0.14802074432373047,0.14357396960258484,0.172929048538208,0.15223748981952667,0.13872617483139038,0.15812943875789642,0.16449449956417084
occupant,,0.0695987343788147,0.12028754502534866,0.1412682682275772,0.05894038826227188,0.14755754172801971,0.09812009334564209,0.09576334059238434,0.10199785977602005,0.2094414085149765,,0.1322990357875824,0.07457824796438217,0.11007318645715714,,0.0856858417391777,,0.08087443560361862,,0.13437171280384064,0.1864069253206253,0.19321808218955994,0.10090344399213791,0.05472767353057861,,,0.11997607350349426,0.08054821193218231,0.1345580518245697,0.10937568545341492,0.07694694399833679,0.2604767978191376,0.07280361652374268,0.09251604229211807,,0.10253916680812836,,0.15240348875522614,0.11375848948955536,0.1195889487862587,0.08130043745040894,,0.14357396960258484,0.10218382626771927,,0.12343159317970276,0.08240898698568344,0.16449449956417084
building_design,0.12602920830249786,0.22071869671344757,0.1320018768310547,0.17026914656162262,,0.2396816462278366,,0.16472899913787842,0.18396715819835663,0.18298043310642242,0.24439997971057892,0.12936535477638245,0.18554173409938812,0.09609631448984146,0.13951577246189117,0.09225963056087494,0.11174438148736954,0.1766742318868637,0.08080834895372391,0.13437171280384064,0.15237070620059967,0.19321808218955994,0.11473727226257324,0.2018013894557953,0.22090210020542145,,0.08132578432559967,0.08054821193218231,0.07662221789360046,0.14705893397331238,0.15099413692951202,0.13065066933631897,0.16502198576927185,0.11458677798509598,0.23211096227169037,0.16655787825584412,0.09913238137960434,0.1263173669576645,0.09436378628015518,0.1719493418931961,0.11645714193582535,0.1435253918170929,0.11687619984149933,0.11630517989397049,0.15255962312221527,0.3230908215045929,0.17815375328063965,0.16449449956417084
facility,0.15420383214950562,0.13736607134342194,,,,,0.08850276470184326,0.05441940948367119,0.24047903716564178,,0.20137982070446014,0.1553545743227005,0.05138874053955078,,,,,,,,,,,,,,,,,0.09380438923835754,,,0.08037501573562622,,,,0.06278025358915329,,,0.06257392466068268,,,,0.055786795914173126,,,,
adaptation_urban,0.08149602264165878,0.28393250703811646,0.13971826434135437,0.1412682682275772,0.06252242624759674,0.14755754172801971,0.14119157195091248,0.09576334059238434,0.21364381909370422,0.17739489674568176,0.05966416746377945,0.12936535477638245,0.07457824796438217,0.25545263290405273,0.18884755671024323,0.08927883952856064,0.132407546043396,0.06888523697853088,0.11972372233867645,0.13437171280384064,0.21033482253551483,0.19321808218955994,,0.05472767353057861,0.06441063433885574,0.09441852569580078,0.14722374081611633,0.08054821193218231,0.1345580518245697,0.15351521968841553,0.1073945164680481,0.11793407052755356,0.07280361652374268,0.16865679621696472,0.06406380236148834,0.1035841703414917,0.1446613222360611,0.15240348875522614,,0.1195889487862587,0.08130043745040894,,0.16900670528411865,0.17795532941818237,0.11248429119586945,0.1862896829843521,0.054400231689214706,0.16449449956417084
urban_life,0.0842714011669159,0.0695987343788147,,0.1412682682275772,0.27388036251068115,0.16278143227100372,0.06210612133145332,0.0919993445277214,0.10199785977602005,0.08825603127479553,,0.12936535477638245,0.08423778414726257,0.13063356280326843,0.09513157606124878,,,0.05250060558319092,0.1152445524930954,0.13437171280384064,0.13875070214271545,0.19321808218955994,,0.05472767353057861,,0.17788533866405487,0.10036232322454453,0.14302369952201843,,0.05443207174539566,0.12683571875095367,,0.07280361652374268,0.28028297424316406,,,,,0.23968683183193207,,0.08130043745040894,,0.07970600575208664,0.10218382626771927,0.06325433403253555,0.08758872747421265,0.13274914026260376,0.16449449956417084
urban_environment,0.09951947629451752,0.13632388412952423,,0.18250927329063416,0.07057089358568192,0.14755754172801971,0.07950719445943832,0.07221779227256775,0.10199785977602005,0.13039562106132507,0.12826184928417206,0.12936535477638245,0.07457824796438217,0.14970436692237854,0.0660371482372284,0.1284351944923401,0.10117942094802856,0.09970282763242722,0.17682139575481415,0.1639443039894104,,0.19321808218955994,0.1886676847934723,0.05472767353057861,0.23326607048511505,0.05368504673242569,0.2461036741733551,0.17263585329055786,0.17330478131771088,0.08934421837329865,0.059042755514383316,0.12228946387767792,0.1656496226787567,,0.12703438103199005,0.22214151918888092,0.08281378448009491,0.11998357623815536,,0.07858607172966003,0.2015935778617859,0.18036474287509918,,0.10218382626771927,0.09976723790168762,0.19568128883838654,,0.16449449956417084
urban_planning,0.15350298583507538,0.22071869671344757,0.11123131960630417,0.15537934005260468,0.12308244407176971,0.2396816462278366,0.1606874316930771,0.14049415290355682,0.1696033924818039,0.18298043310642242,,0.12936535477638245,0.20170941948890686,0.11007318645715714,0.09828504920005798,0.08967853337526321,0.11777093261480331,,,0.13437171280384064,0.15237070620059967,0.19321808218955994,0.1891249269247055,0.17315563559532166,0.22090210020542145,,0.05506853014230728,0.08054821193218231,0.21852771937847137,0.1305534541606903,0.09491515904664993,0.11793407052755356,0.14495764672756195,0.09251604229211807,0.23042817413806915,0.10253916680812836,,0.15240348875522614,0.09436378628015518,0.1195889487862587,0.0987018272280693,0.052743177860975266,0.14357396960258484,0.1981998085975647,,0.13872617483139038,0.12951557338237762,0.16449449956417084
city_center,0.21224825084209442,0.1919952630996704,0.09073785692453384,0.11216699331998825,0.07459065318107605,0.10113038867712021,0.06234489008784294,0.13562655448913574,0.1387157142162323,0.14636459946632385,0.15127725899219513,0.13108956813812256,0.1943558007478714,0.0688835009932518,0.13354149460792542,0.15178552269935608,,,,0.0742797777056694,,0.09906841069459915,0.058960236608982086,0.08551370352506638,0.21413429081439972,0.06427951902151108,0.06878332793712616,0.06223149225115776,,,0.0794229656457901,0.14172327518463135,0.2114650160074234,0.10523618757724762,,0.0968833789229393,,0.07540961354970932,0.15138442814350128,,,0.1142742931842804,0.19911439716815948,0.2556394636631012,0.19500721991062164,,0.09046370536088943,0.16883088648319244
dwell,,0.1504310965538025,0.05902448669075966,0.24230410158634186,,0.08073234558105469,0.11517664045095444,0.16917124390602112,0.10481221973896027,0.10773614048957825,,0.09615190327167511,,0.15148253738880157,0.07818753272294998,,,0.07321882992982864,0.14791688323020935,0.10277208685874939,,0.14882785081863403,0.16438496112823486,0.05829840153455734,0.07509753108024597,0.15239059925079346,,0.09129419177770615,0.07201848179101944,,0.055790361016988754,0.05819661542773247,,,,,0.1091909408569336,0.0714174136519432,0.13618342578411102,0.16126488149166107,0.17687617242336273,,,,0.12663547694683075,0.0780482292175293,,
housing,0.12602920830249786,0.22071869671344757,,0.17026914656162262,,0.2396816462278366,0.10375745594501495,0.16472899913787842,0.10199785977602005,0.18298043310642242,,0.12936535477638245,0.1277174949645996,0.08541347831487656,0.07908599078655243,,,,,0.14210793375968933,0.15294326841831207,0.19321808218955994,,0.09441271424293518,0.22090210020542145,,,0.08054821193218231,0.14400027692317963,0.1305534541606903,0.059042755514383316,0.07588482648134232,0.07280361652374268,,0.1290142834186554,0.08827138692140579,0.07581130415201187,0.06599100679159164,0.09436378628015518,0.08082849532365799,0.11444298177957535,0.052743177860975266,,0.11630517989397049,,0.13872617483139038,0.12951557338237762,0.16449449956417084
suburban,,0.10081053525209427,,0.17026914656162262,0.12492965906858444,0.14755754172801971,0.06671711057424545,0.16472899913787842,0.10199785977602005,,0.08110229671001434,0.12936535477638245,0.15375055372714996,0.06093943119049072,0.13984538614749908,,0.14143511652946472,0.13276034593582153,0.08834225684404373,0.14985349774360657,0.09616817533969879,0.19321808218955994,,0.15478341281414032,0.16862159967422485,,,0.08054821193218231,0.10238359868526459,0.09812501817941666,0.059042755514383316,0.06924594193696976,0.07952975481748581,,0.1290142834186554,0.11860482394695282,0.07581130415201187,0.07823197543621063,0.053024597465991974,0.10276878625154495,0.1834612488746643,0.13338997960090637,,0.10471753031015396,0.2037612944841385,0.13014937937259674,0.08255577087402344,0.16449449956417084
neighborhood,0.11096303164958954,0.1072290912270546,0.18406985700130463,0.10978461056947708,,,,0.08679410815238953,,0.17766502499580383,0.0630287155508995,0.1249350756406784,,0.12909778952598572,0.18645615875720978,0.22964587807655334,0.19854527711868286,0.09038182348012924,0.10244258493185043,0.09118498116731644,,,0.05946747213602066,,0.08063054084777832,0.097073033452034,0.1561567485332489,0.1531573086977005,0.058608438819646835,,0.08575718849897385,0.18755431473255157,,0.12451305985450745,0.07983779907226562,,0.10419371724128723,0.059109773486852646,0.17616286873817444,0.22426706552505493,0.05744832381606102,,0.11961720138788223,,,,0.14867626130580902,
apartment,0.12810176610946655,0.2637573778629303,0.08997008204460144,0.056185878813266754,0.05894038826227188,0.051091499626636505,0.09812009334564209,0.11130420863628387,0.07091684639453888,0.22445784509181976,0.12826184928417206,0.11964070796966553,,0.20268166065216064,0.09149273484945297,0.0856858417391777,0.06470634043216705,0.09970282763242722,0.17682139575481415,,0.07532297074794769,0.11781647056341171,,,,0.12443210184574127,0.2461036741733551,0.10441412031650543,0.17330478131771088,0.21120214462280273,0.1255391389131546,0.12026345729827881,0.14559701085090637,0.09251604229211807,0.12703438103199005,0.10253916680812836,0.1534729152917862,0.15240348875522614,0.10626132041215897,0.1195889487862587,0.2015935778617859,0.0524684339761734,0.14357396960258484,0.05804484710097313,,0.12343159317970276,0.1094127669930458,0.06600983440876007
distance_city,0.1313878893852234,0.17736172676086426,0.07319751381874084,0.17026914656162262,0.10910855233669281,0.13019824028015137,0.20511341094970703,0.16472899913787842,0.07396053522825241,0.14636459946632385,0.15203645825386047,,0.1277174949645996,0.15856142342090607,0.07908599078655243,0.17362771928310394,,,0.07925880700349808,0.1582530289888382,0.0854525938630104,0.18034206330776215,0.053072065114974976,0.23615415394306183,0.21413429081439972,,,0.13686814904212952,0.10912525653839111,0.05514868348836899,0.0794229656457901,0.059346992522478104,0.08280837535858154,,0.1290142834186554,0.0968833789229393,0.1291934698820114,,,0.061700135469436646,0.11444298177957535,0.1257317215204239,0.19911439716815948,0.2556394636631012,0.22510305047035217,0.10268548876047134,0.08910918980836868,0.10209332406520844
citywide,0.1313878893852234,0.07995400577783585,0.07319751381874084,,0.15596836805343628,0.06157730892300606,0.07336630672216415,0.08005740493535995,,0.14636459946632385,0.16308912634849548,0.11087259650230408,,,,0.1674395203590393,,,,0.2037641406059265,0.1586267650127411,0.06716502457857132,0.12335097789764404,0.14946188032627106,0.21413429081439972,,,0.06223149225115776,0.1286524087190628,0.1458093374967575,0.0794229656457901,,0.1325819045305252,,0.1407364308834076,0.09828948974609375,,,,,,0.11519618332386017,0.19911439716815948,0.2556394636631012,0.15423069894313812,0.06562896817922592,0.0766935870051384,0.07914362102746964
urban_walking,0.2750983238220215,0.22071869671344757,0.06385783851146698,0.1412682682275772,0.07229513674974442,0.2396816462278366,0.13916875422000885,0.07221779227256775,0.10199785977602005,0.1866694539785385,0.18488842248916626,0.12936535477638245,0.07457824796438217,0.06093943119049072,,,,0.12635520100593567,0.10811455547809601,0.13437171280384064,0.15237070620059967,0.19321808218955994,,0.05472767353057861,0.22090210020542145,0.09789291769266129,0.1862107366323471,0.09564650803804398,0.051854733377695084,0.1305534541606903,0.059042755514383316,0.07588482648134232,0.07280361652374268,,0.07702958583831787,,0.09190762788057327,0.08942190557718277,0.27216607332229614,,0.08130043745040894,0.10625320672988892,,0.11630517989397049,0.061767302453517914,0.2722863554954529,0.12951557338237762,0.16449449956417084
suburbanization,,0.10081053525209427,0.08280166983604431,0.17026914656162262,0.12492965906858444,0.14755754172801971,0.08675964176654816,0.16472899913787842,0.10199785977602005,,0.08110229671001434,0.12936535477638245,0.1589067280292511,0.14812232553958893,0.13984538614749908,,0.14143511652946472,0.13276034593582153,0.10193902999162674,0.14985349774360657,0.11826501786708832,0.19321808218955994,0.22376751899719238,0.15478341281414032,0.16862159967422485,0.10355735570192337,0.11343424022197723,0.08054821193218231,0.10238359868526459,0.11745522916316986,0.059042755514383316,0.12536367774009705,0.07952975481748581,0.07303480803966522,0.22842566668987274,0.11860482394695282,0.07581130415201187,0.07823197543621063,0.053024597465991974,0.10276878625154495,0.1834612488746643,0.13338997960090637,0.1613883078098297,0.10471753031015396,0.2037612944841385,0.15626102685928345,0.17148099839687347,0.16449449956417084
city_centre,0.1313878893852234,0.08819811791181564,0.12377040833234787,,0.07459065318107605,,0.1075785830616951,0.05212891474366188,0.06574318557977676,0.14636459946632385,0.0957053005695343,,,,0.10537209361791611,0.24017563462257385,,0.0638234093785286,,,,,0.052072711288928986,0.12873800098896027,0.21413429081439972,,0.11260439455509186,0.06223149225115776,,,0.0794229656457901,,0.12605538964271545,,0.23059041798114777,0.0968833789229393,0.15964847803115845,,0.07127773016691208,,,0.0588710717856884,0.19911439716815948,0.2556394636631012,0.15423069894313812,0.079643614590168,0.10916091501712799,0.07914362102746964
suburbanization_process,,0.10490124672651291,0.08280166983604431,0.18250927329063416,0.12492965906858444,0.14755754172801971,0.09812009334564209,0.16472899913787842,0.10199785977602005,0.13039562106132507,0.08110229671001434,0.12936535477638245,0.1589067280292511,0.14812232553958893,0.13984538614749908,0.1284351944923401,0.18814052641391754,0.13276034593582153,0.27098017930984497,0.1639443039894104,0.11826501786708832,0.19321808218955994,0.22376751899719238,0.15478341281414032,0.16862159967422485,0.10355735570192337,0.11343424022197723,0.08054821193218231,0.1345580518245697,0.11745522916316986,0.1059352457523346,0.12536367774009705,0.07952975481748581,0.09251604229211807,0.22842566668987274,0.1457061618566513,0.09383899718523026,0.15240348875522614,0.1451743245124817,0.12018200755119324,0.1834612488746643,0.21817085146903992,0.1613883078098297,0.10471753031015396,0.2037612944841385,0.15626102685928345,0.2440108209848404,0.16449449956417084
exurban_development,0.06422991305589676,0.13632388412952423,0.15241266787052155,0.1412682682275772,0.10906737297773361,0.14755754172801971,0.1293867528438568,0.11903943121433258,0.10199785977602005,0.058397483080625534,0.12826184928417206,0.12936535477638245,0.07457824796438217,0.14970436692237854,0.0776829794049263,0.09276773780584335,0.11737822741270065,0.20490401983261108,0.17682139575481415,0.13437171280384064,,0.21120579540729523,,0.0581156462430954,0.18227393925189972,0.10741809010505676,0.2461036741733551,0.10441412031650543,0.27892187237739563,0.10937568545341492,0.07694694399833679,0.11793407052755356,0.07280361652374268,0.09251604229211807,0.15282180905342102,0.10253916680812836,0.0696936547756195,0.15240348875522614,0.16715900599956512,0.1195889487862587,0.2015935778617859,,0.14357396960258484,0.10218382626771927,0.1834048181772232,0.12343159317970276,0.20278123021125793,0.16449449956417084
urbanization,,0.0695987343788147,0.08280166983604431,0.1412682682275772,,0.14755754172801971,,0.07221779227256775,0.10199785977602005,,,0.12936535477638245,0.1589067280292511,0.14812232553958893,0.07924357056617737,,,,,0.13437171280384064,0.11826501786708832,0.19321808218955994,0.22376751899719238,0.05472767353057861,,0.10355735570192337,0.11343424022197723,0.08054821193218231,0.06796159595251083,0.05443207174539566,0.059042755514383316,0.12536367774009705,0.07280361652374268,0.07303480803966522,,,0.07131797820329666,,,,0.08130043745040894,0.10584643483161926,0.1613883078098297,0.10218382626771927,,0.06332635134458542,0.17148099839687347,0.16449449956417084
old_city,0.1313878893852234,0.08572763204574585,0.07319751381874084,0.15534162521362305,0.07459065318107605,0.23604486882686615,,0.07487273961305618,0.052833106368780136,0.14636459946632385,0.0957053005695343,0.12602196633815765,0.2317495197057724,,0.16962465643882751,,,,,0.14972639083862305,0.13335461914539337,0.18167981505393982,0.282086044549942,0.09091983735561371,0.21413429081439972,0.08245903998613358,,0.06223149225115776,0.0876740887761116,,0.0794229656457901,,0.10926004499197006,0.14531564712524414,0.07259859889745712,0.0968833789229393,0.12056910991668701,0.1394341140985489,,,,,0.19911439716815948,0.2556394636631012,0.15423069894313812,,0.0766935870051384,0.07914362102746964
new_city,0.1313878893852234,0.13536199927330017,0.07319751381874084,,0.07459065318107605,0.10035640001296997,,,,0.14636459946632385,0.20517221093177795,0.18831169605255127,0.06262272596359253,0.12488999962806702,,0.1292428821325302,,0.10105514526367188,,,,,,0.08551370352506638,0.21413429081439972,,,0.06223149225115776,,,0.15850229561328888,0.07919670641422272,0.10198898613452911,0.10336934030056,,0.20763754844665527,0.07676143944263458,,0.05102438107132912,,,0.13547152280807495,0.19911439716815948,0.2556394636631012,0.15423069894313812,,0.0766935870051384,0.22595348954200745
urban_regeneration,0.1946895569562912,0.0695987343788147,0.08647050708532333,0.1412682682275772,0.15252166986465454,0.14755754172801971,0.19593413174152374,0.14340971410274506,0.11359921842813492,,0.14023305475711823,0.1375245600938797,0.14856968820095062,0.06093943119049072,0.08193797618150711,0.15983448922634125,0.07330316305160522,0.08141933381557465,0.0559297576546669,0.19056390225887299,0.12983883917331696,0.19321808218955994,0.0790000855922699,0.26306530833244324,0.10961253196001053,0.14945892989635468,0.08471743017435074,0.219926655292511,,0.07414142042398453,0.12307634949684143,0.0853569358587265,0.198013037443161,0.12581977248191833,,,0.09112468361854553,0.15569037199020386,0.07709354162216187,0.18540532886981964,0.10025514662265778,0.1754598468542099,0.08530545979738235,0.10218382626771927,0.1017860621213913,0.21163912117481232,0.18694527447223663,0.16449449956417084
urban_sites,0.06721517443656921,0.12672647833824158,0.07934115082025528,0.1906871795654297,0.17656299471855164,0.14755754172801971,0.21590369939804077,0.16472899913787842,0.10199785977602005,0.2698338031768799,0.07236501574516296,0.12936535477638245,0.1277174949645996,0.1564563512802124,0.08317867666482925,0.32274293899536133,,0.12729279696941376,0.19766388833522797,0.13437171280384064,0.08127675950527191,0.19321808218955994,0.14497257769107819,0.09222850948572159,0.13980545103549957,0.21762670576572418,0.14647118747234344,0.08054821193218231,0.05828867107629776,0.05514868348836899,0.059042755514383316,0.2259778529405594,0.07293864339590073,,0.1290142834186554,0.08827927708625793,0.07692021131515503,0.09165315330028534,0.14483961462974548,,0.11444298177957535,,,0.10218382626771927,,0.1210281252861023,0.1355716437101364,0.16449449956417084
urbanism,,0.09162580221891403,,0.17026914656162262,0.08565951138734818,0.14755754172801971,0.05453436076641083,0.16472899913787842,0.10199785977602005,,,0.12936535477638245,0.1277174949645996,0.06093943119049072,0.07908599078655243,,,0.06066853553056717,,0.13437171280384064,0.06036798655986786,0.19321808218955994,,0.09222850948572159,0.10642927139997482,0.15789246559143066,0.10269848257303238,0.08054821193218231,,0.06010879948735237,0.09327016770839691,0.08754097670316696,0.07280361652374268,,0.1290142834186554,0.1629635989665985,0.07581130415201187,,,0.19775696098804474,0.11444298177957535,,,0.10585026443004608,0.06891274452209473,0.12736248970031738,,0.16449449956417084
urban_area,0.07351554185152054,0.0985916256904602,0.05016053467988968,0.1412682682275772,,0.14755754172801971,0.10909825563430786,0.07221779227256775,0.10199785977602005,,0.05985865741968155,0.12936535477638245,0.07457824796438217,0.1694767326116562,,,,,0.07274629920721054,0.13437171280384064,0.11886788159608841,0.19321808218955994,,0.05472767353057861,0.06415741890668869,,0.10647597163915634,0.08054821193218231,0.1384238600730896,0.1769765019416809,0.1710592359304428,0.11595670878887177,0.14201046526432037,0.11055983603000641,0.07443166524171829,,0.115555539727211,0.07680162787437439,0.11735314130783081,0.09464132785797119,0.08130043745040894,,0.17427851259708405,0.11795325577259064,0.2274942249059677,0.06332635134458542,0.18975193798542023,0.16449449956417084
urban_planners,,0.09162580221891403,,0.17026914656162262,0.11853808164596558,0.14755754172801971,0.09849082678556442,0.16472899913787842,0.10199785977602005,,,0.12936535477638245,0.20170941948890686,0.11007318645715714,0.07908599078655243,0.15347042679786682,0.07279500365257263,,0.11392829567193985,0.13437171280384064,,0.19321808218955994,,0.3532705008983612,0.07042277604341507,0.0842515379190445,0.10813324898481369,0.08054821193218231,0.1345580518245697,0.10937568545341492,0.07694694399833679,0.11793407052755356,0.14495764672756195,0.09251604229211807,0.1290142834186554,0.16421055793762207,0.07581130415201187,0.15240348875522614,,0.1195889487862587,0.11444298177957535,0.08029327541589737,0.14357396960258484,0.1981998085975647,,0.12343159317970276,,0.16449449956417084
new_building,0.12602920830249786,0.22071869671344757,0.07649651169776917,0.1412682682275772,,0.2396816462278366,,0.07903441786766052,0.18396715819835663,0.1876489520072937,0.24439997971057892,0.12936535477638245,0.07457824796438217,0.0892394483089447,0.1108277291059494,0.09225963056087494,,0.146479070186615,,0.13437171280384064,0.15237070620059967,0.19321808218955994,,0.05472767353057861,0.22090210020542145,,0.05605817213654518,0.08054821193218231,0.06539797782897949,0.14705893397331238,0.07526730000972748,0.07919670641422272,0.16502198576927185,0.10336934030056,0.23211096227169037,0.08924458175897598,0.08960621803998947,0.06599100679159164,0.10576894879341125,0.1719493418931961,0.09483996033668518,0.13547152280807495,0.11687619984149933,0.11630517989397049,0.0750235989689827,0.2389780580997467,0.12951557338237762,0.16449449956417084
urban_green,,0.07976210117340088,,0.1412682682275772,0.17003239691257477,0.14755754172801971,,0.1278247982263565,0.10199785977602005,0.18445105850696564,0.23797261714935303,0.12936535477638245,0.10147622227668762,0.06093943119049072,0.10959570854902267,,,,,0.13437171280384064,,0.19321808218955994,,0.17684732377529144,0.11031036078929901,,,0.08054821193218231,,0.05443207174539566,0.123885877430439,,0.13090021908283234,,0.25188055634498596,,0.06436706334352493,,,,0.08594236522912979,0.18164362013339996,,0.10218382626771927,0.1483282893896103,0.06332635134458542,,0.16449449956417084
urban_environments,0.09951947629451752,0.13632388412952423,,0.18250927329063416,0.12420742958784103,0.14755754172801971,0.28130173683166504,0.16472899913787842,0.10199785977602005,0.13039562106132507,0.12826184928417206,0.12936535477638245,0.1277174949645996,0.14970436692237854,0.07908599078655243,0.1284351944923401,0.10117942094802856,0.09970282763242722,0.17682139575481415,0.1639443039894104,,0.19321808218955994,0.1886676847934723,0.1822335124015808,0.23326607048511505,0.16588087379932404,0.2461036741733551,0.17263585329055786,0.17330478131771088,0.08934421837329865,0.10215911269187927,0.12228946387767792,0.1656496226787567,,0.1290142834186554,0.22214151918888092,0.15626202523708344,0.11998357623815536,0.10971272736787796,0.07858607172966003,0.2015935778617859,0.18036474287509918,,0.10218382626771927,0.09976723790168762,0.19568128883838654,0.09177359193563461,0.16449449956417084
designer,,0.09162580221891403,0.1320018768310547,0.17026914656162262,,0.13019824028015137,,0.16472899913787842,0.07396053522825241,,0.12411394715309143,,0.18554173409938812,0.09609631448984146,0.16039280593395233,0.15271444618701935,0.1848757416009903,0.1766742318868637,,0.1017264649271965,0.15913571417331696,0.17955021560192108,0.11473727226257324,0.09222850948572159,0.06336814910173416,,0.08132578432559967,0.09164958447217941,,0.05514868348836899,0.15099413692951202,0.13065066933631897,0.2137426733970642,0.11458677798509598,0.1290142834186554,0.16655787825584412,0.10170788317918777,,0.17398913204669952,,0.11444298177957535,0.1435253918170929,0.1113477349281311,0.09640073031187057,0.15255962312221527,0.3230908215045929,0.17815375328063965,0.0986553281545639
urban_spaces,,0.09162580221891403,,0.17026914656162262,0.05894038826227188,0.14755754172801971,0.09812009334564209,0.16472899913787842,0.11045682430267334,0.07907266914844513,0.22071196138858795,0.12936535477638245,0.1277174949645996,0.11007318645715714,0.07908599078655243,0.0856858417391777,0.09258516877889633,0.05825990065932274,,0.13437171280384064,,0.19321808218955994,0.12634946405887604,0.09222850948572159,,,,0.08054821193218231,0.1345580518245697,0.10937568545341492,0.07694694399833679,0.11793407052755356,0.11642730981111526,0.09251604229211807,0.1290142834186554,0.10253916680812836,0.07581130415201187,0.15240348875522614,0.0616629384458065,0.21567264199256897,0.11444298177957535,,0.14357396960258484,0.10218382626771927,,0.12343159317970276,,0.16449449956417084
neighbourhood_building,0.12602920830249786,0.26248466968536377,0.07400677353143692,0.1412682682275772,0.14010965824127197,0.2396816462278366,0.11080086976289749,0.12072776257991791,0.18396715819835663,0.18298043310642242,0.24439997971057892,0.30396768450737,0.07457824796438217,0.3190392553806305,0.06203039363026619,0.22964587807655334,0.08404633402824402,0.12903563678264618,0.09572552144527435,0.13437171280384064,0.15237070620059967,0.25123724341392517,,0.05472767353057861,0.22090210020542145,0.097073033452034,0.16515198349952698,0.19537745416164398,0.06539797782897949,0.14705893397331238,0.25858035683631897,0.07588482648134232,0.16502198576927185,0.20416629314422607,0.23211096227169037,0.11408976465463638,0.09696166962385178,0.06599100679159164,0.17616286873817444,0.1719493418931961,0.2091892659664154,0.09537126868963242,0.11961720138788223,0.11630517989397049,0.12153122574090958,0.21719713509082794,0.14867626130580902,0.16449449956417084
urban_parks,,0.09162580221891403,0.13157406449317932,0.17026914656162262,0.05894038826227188,0.14755754172801971,0.09812009334564209,0.16472899913787842,0.10199785977602005,0.14177708327770233,0.10937818139791489,0.12936535477638245,0.1277174949645996,0.11007318645715714,0.07908599078655243,0.0856858417391777,0.08442577719688416,,0.07274629920721054,0.13437171280384064,,0.19321808218955994,0.10284581780433655,0.09222850948572159,0.15358509123325348,,0.10647597163915634,0.08054821193218231,0.1345580518245697,0.12408287078142166,0.07954039424657822,0.11793407052755356,0.07280361652374268,0.09251604229211807,0.1290142834186554,0.10253916680812836,0.07581130415201187,0.15240348875522614,,0.1195889487862587,0.11444298177957535,,0.14357396960258484,0.10218382626771927,,0.12343159317970276,0.1094127669930458,0.16449449956417084
historic_urban,0.14173156023025513,0.09162580221891403,0.0916503444314003,0.17026914656162262,0.1327904909849167,0.14755754172801971,,0.16472899913787842,0.10199785977602005,0.14537133276462555,,0.12936535477638245,0.1277174949645996,0.06093943119049072,0.07908599078655243,0.1068054586648941,0.07575594633817673,0.13268691301345825,,0.22120200097560883,,0.19321808218955994,0.26365992426872253,0.09222850948572159,0.11738395690917969,,,0.08054821193218231,0.10031953454017639,0.05514868348836899,0.11582117527723312,0.059346992522478104,0.07280361652374268,0.07526428252458572,0.1290142834186554,0.1014387309551239,0.10060860216617584,,0.17382317781448364,,0.1777024269104004,0.05373412370681763,,0.10218382626771927,0.10793086141347885,0.06332635134458542,,0.16449449956417084
apartment_design,0.12810176610946655,0.2637573778629303,0.1320018768310547,0.20393311977386475,0.05894038826227188,0.13019824028015137,0.11721713840961456,0.16472899913787842,0.07396053522825241,0.22445784509181976,0.16489528119564056,0.11964070796966553,0.18554173409938812,0.20268166065216064,0.09149273484945297,0.0856858417391777,0.11174438148736954,0.1766742318868637,0.17682139575481415,0.11996234953403473,0.07532297074794769,0.17955021560192108,0.12184327095746994,0.09222850948572159,0.06336814910173416,0.12443210184574127,0.2461036741733551,0.13707321882247925,0.17330478131771088,0.21120214462280273,0.15099413692951202,0.13065066933631897,0.14559701085090637,0.11458677798509598,0.1290142834186554,0.16655787825584412,0.2258678525686264,0.15240348875522614,0.10626132041215897,0.1195889487862587,0.2015935778617859,0.1435253918170929,0.14357396960258484,0.09640073031187057,0.15255962312221527,0.3230908215045929,0.17815375328063965,0.0986553281545639
apartment_building,0.12810176610946655,0.2637573778629303,0.08997008204460144,0.1412682682275772,0.05894038826227188,0.2396816462278366,0.09812009334564209,0.11130420863628387,0.18396715819835663,0.22445784509181976,0.24439997971057892,0.16195444762706757,0.07457824796438217,0.20268166065216064,0.09149273484945297,0.09225963056087494,0.06470634043216705,0.09970282763242722,0.17682139575481415,0.13437171280384064,0.15237070620059967,0.19321808218955994,,0.05472767353057861,0.22090210020542145,0.12443210184574127,0.2461036741733551,0.10441412031650543,0.17330478131771088,0.21120214462280273,0.1255391389131546,0.12026345729827881,0.16502198576927185,0.09251604229211807,0.23211096227169037,0.10253916680812836,0.1534729152917862,0.15240348875522614,0.10626132041215897,0.1719493418931961,0.2015935778617859,0.06401538848876953,0.14357396960258484,0.11630517989397049,0.0750235989689827,0.13872617483139038,0.12951557338237762,0.16449449956417084
apartment_residents,0.12810176610946655,0.2637573778629303,0.08997008204460144,0.17104580998420715,0.15200665593147278,0.13131898641586304,0.11023573577404022,0.23304344713687897,0.2507132887840271,0.22445784509181976,0.14591383934020996,0.12108252942562103,0.1277174949645996,0.2467721402645111,0.09149273484945297,0.1682090014219284,0.06470634043216705,0.11689718067646027,0.17682139575481415,0.11558695882558823,0.07532297074794769,0.11781647056341171,,0.17658911645412445,0.05395668372511864,0.1568191945552826,0.2461036741733551,0.10441412031650543,0.17330478131771088,0.21120214462280273,0.1255391389131546,0.12026345729827881,0.15144604444503784,0.10412070155143738,0.2456798255443573,0.11547286808490753,0.1534729152917862,0.15240348875522614,0.10626132041215897,0.1195889487862587,0.2015935778617859,0.0524684339761734,0.14357396960258484,0.09754465520381927,0.1389840692281723,0.12343159317970276,0.14146779477596283,0.06706009805202484
neighborhood_environment,0.11096303164958954,0.13632388412952423,0.18406985700130463,0.18250927329063416,,,0.07950719445943832,0.08679410815238953,0.1229739561676979,0.17766502499580383,0.12826184928417206,0.1249350756406784,,0.14970436692237854,0.18645615875720978,0.22964587807655334,0.19854527711868286,0.14018459618091583,0.17682139575481415,0.1639443039894104,,,0.1886676847934723,,0.23326607048511505,0.097073033452034,0.2461036741733551,0.1531573086977005,0.17330478131771088,0.06680793315172195,0.21457690000534058,0.18755431473255157,,0.12451305985450745,0.12703438103199005,,0.10419371724128723,0.059109773486852646,0.17616286873817444,0.22426706552505493,0.2015935778617859,0.18036474287509918,0.11961720138788223,,0.07804528623819351,0.08293356001377106,0.14867626130580902,0.06600983440876007
neighborhood_appreciation,0.11096303164958954,0.1072290912270546,0.18406985700130463,0.10978461056947708,0.08311215788125992,,0.09812009334564209,0.09576334059238434,0.056994322687387466,0.17766502499580383,0.0630287155508995,0.1249350756406784,0.13123513758182526,0.25868138670921326,0.18645615875720978,0.22964587807655334,0.19854527711868286,0.11465687304735184,0.27098017930984497,0.09118498116731644,,0.11781647056341171,0.05946747213602066,,0.13727368414402008,0.097073033452034,0.1561567485332489,0.17286793887615204,0.1345580518245697,0.10937568545341492,0.16741104423999786,0.18755431473255157,,0.12451305985450745,0.07983779907226562,0.1639718860387802,0.10419371724128723,0.15240348875522614,0.17616286873817444,0.22426706552505493,0.07216037064790726,,0.14357396960258484,,0.09382496029138565,0.12343159317970276,0.14867626130580902,0.15446174144744873
residential_neighborhood,0.14870040118694305,0.16956286132335663,0.18406985700130463,0.17026914656162262,0.076450414955616,0.13131898641586304,0.11023573577404022,0.16472899913787842,0.2507132887840271,0.17766502499580383,0.14591383934020996,0.1249350756406784,0.1277174949645996,0.2467721402645111,0.18645615875720978,0.22964587807655334,0.19854527711868286,0.11689718067646027,0.11713750660419464,0.11558695882558823,0.05433632805943489,0.1124437153339386,0.05946747213602066,0.17658911645412445,0.08063054084777832,0.1725941151380539,0.1561567485332489,0.1531573086977005,0.25622257590293884,0.1683441549539566,0.09914040565490723,0.18755431473255157,0.13634024560451508,0.12451305985450745,0.2456798255443573,0.13321685791015625,0.1317175328731537,0.11074832081794739,0.17616286873817444,0.22426706552505493,0.11444298177957535,0.205514058470726,0.13604024052619934,0.13739602267742157,0.1389840692281723,0.16275039315223694,0.14867626130580902,0.18068206310272217
young_urban,0.12602920830249786,0.22071869671344757,,0.16916148364543915,,0.2396816462278366,,0.07221779227256775,0.10662129521369934,0.18298043310642242,0.1695282757282257,0.12936535477638245,0.08267121016979218,0.06093943119049072,0.1400947868824005,0.07576196640729904,0.19041448831558228,,0.12259318679571152,0.25913459062576294,0.15237070620059967,0.19321808218955994,0.06373844295740128,0.05472767353057861,0.22090210020542145,0.11406096071004868,,0.08054821193218231,0.16684317588806152,0.1305534541606903,0.059042755514383316,0.07588482648134232,0.08187642693519592,0.10332980006933212,,,,0.11356163024902344,0.09436378628015518,,0.08130043745040894,0.08716534078121185,0.15022775530815125,0.1368640512228012,0.08894093334674835,0.13872617483139038,0.1615580916404724,0.16449449956417084
urban_form,,0.0695987343788147,0.14509698748588562,0.1412682682275772,0.19366884231567383,0.14755754172801971,,0.13788746297359467,0.10199785977602005,0.19064122438430786,,0.12936535477638245,0.07457824796438217,0.06840028613805771,,0.23238177597522736,0.12049121409654617,,0.12610529363155365,0.13437171280384064,,0.19321808218955994,0.12520867586135864,0.06941241025924683,0.10532651841640472,0.200430229306221,,0.08054821193218231,,0.08897832781076431,0.059042755514383316,,0.07280361652374268,,,0.06690632551908493,,0.15682624280452728,0.11228178441524506,,0.08130043745040894,0.09119713306427002,0.06315352022647858,0.1735905110836029,,0.1456635743379593,,0.16449449956417084
urban_design,,0.09162580221891403,0.1320018768310547,0.17026914656162262,,0.14755754172801971,,0.16472899913787842,0.10199785977602005,,0.12411394715309143,0.12936535477638245,0.18554173409938812,0.11576739698648453,0.2731848359107971,,0.22050981223583221,0.1766742318868637,,0.13437171280384064,,0.19321808218955994,0.11473727226257324,0.09222850948572159,0.06918445974588394,0.15033738315105438,0.08132578432559967,0.08054821193218231,,0.05514868348836899,0.15099413692951202,0.13065066933631897,0.16881512105464935,0.11458677798509598,0.1290142834186554,0.415639191865921,0.09913238137960434,,,0.16866475343704224,0.11444298177957535,0.1842970997095108,0.19220350682735443,0.1669226586818695,0.15255962312221527,0.3230908215045929,0.17815375328063965,0.16449449956417084
housing_development,0.12602920830249786,0.22071869671344757,0.15241266787052155,0.17026914656162262,0.10906737297773361,0.2396816462278366,0.1293867528438568,0.16472899913787842,0.10199785977602005,0.18298043310642242,0.12826184928417206,0.12936535477638245,0.2124921977519989,0.15438725054264069,0.07908599078655243,0.09276773780584335,,0.09970282763242722,0.17682139575481415,0.14210793375968933,0.15294326841831207,0.21120579540729523,0.08245281875133514,0.09441271424293518,0.22090210020542145,0.10741809010505676,0.2461036741733551,0.13755600154399872,0.27892187237739563,0.1305534541606903,0.09164091944694519,0.11793407052755356,0.1159231960773468,0.09251604229211807,0.15282180905342102,0.13000386953353882,0.08512376993894577,0.15240348875522614,0.09436378628015518,0.1195889487862587,0.2015935778617859,0.052743177860975266,0.14357396960258484,0.11630517989397049,,0.1496528834104538,0.12951557338237762,0.16449449956417084
neighborhood_level,0.14156179130077362,0.1488957703113556,0.23616182804107666,0.10978461056947708,0.06781665980815887,,0.12187843024730682,0.08679410815238953,0.15071545541286469,0.17766502499580383,0.14771249890327454,0.1249350756406784,,0.12909778952598572,0.18645615875720978,0.22964587807655334,0.19854527711868286,0.09038182348012924,0.12737631797790527,0.09118498116731644,,,0.05946747213602066,0.07252826541662216,0.08063054084777832,0.24832291901111603,0.1561567485332489,0.1531573086977005,0.058608438819646835,,0.11183317750692368,0.18755431473255157,,0.1630634069442749,0.09953093528747559,0.127060666680336,0.10419371724128723,0.08739646524190903,0.17616286873817444,0.22426706552505493,0.05744832381606102,0.057302042841911316,0.11961720138788223,0.05683334171772003,0.05686020478606224,0.11803946644067764,0.14867626130580902,0.09634848684072495
public_housing,0.12602920830249786,0.22071869671344757,,0.2101411521434784,0.05894038826227188,0.2396816462278366,0.10375745594501495,0.16472899913787842,0.10199785977602005,0.18298043310642242,,0.12936535477638245,0.1277174949645996,0.21996313333511353,0.16276438534259796,0.0856858417391777,0.2009965479373932,0.10120737552642822,0.058548424392938614,0.14210793375968933,0.15294326841831207,0.19321808218955994,,0.0993005782365799,0.22090210020542145,,0.145743265748024,0.08054821193218231,0.14400027692317963,0.1305534541606903,0.09618864953517914,0.11793407052755356,0.11631052196025848,0.09251604229211807,0.1290142834186554,0.16228614747524261,0.16447988152503967,0.15240348875522614,0.09436378628015518,0.1195889487862587,0.11629877239465714,0.052743177860975266,0.14357396960258484,0.11630517989397049,,0.27804437279701233,0.12951557338237762,0.17783699929714203
commodity_housing,0.12602920830249786,0.22071869671344757,0.2659626603126526,0.17026914656162262,,0.2396816462278366,0.14637139439582825,0.16472899913787842,0.11333316564559937,0.18298043310642242,,0.12936535477638245,0.1277174949645996,0.08541347831487656,0.07908599078655243,,0.10505694150924683,0.1511436551809311,,0.14210793375968933,0.15294326841831207,0.19321808218955994,,0.10651916265487671,0.22090210020542145,,0.101403146982193,0.140245720744133,0.14400027692317963,0.1305534541606903,0.10325290262699127,0.07588482648134232,0.3077695071697235,,0.32206088304519653,0.1800575852394104,0.0896671786904335,0.1642371118068695,0.2073625922203064,0.08082849532365799,0.11444298177957535,0.2911338210105896,0.14446672797203064,0.11630517989397049,0.15566879510879517,0.13872617483139038,0.12951557338237762,0.16449449956417084
neighborhood_characteristics,0.11096303164958954,0.17212283611297607,0.18406985700130463,0.2196604162454605,,0.13019824028015137,0.08422619104385376,0.16472899913787842,0.14640292525291443,0.22998949885368347,0.08087646961212158,0.1249350756406784,0.2089128941297531,0.12909778952598572,0.18645615875720978,0.22964587807655334,0.19854527711868286,0.10662639141082764,0.19409659504890442,0.10430888831615448,,,0.14136922359466553,0.09222850948572159,0.13085415959358215,0.17122793197631836,0.1561567485332489,0.237453430891037,0.12530528008937836,0.12408287078142166,0.20347189903259277,0.18755431473255157,,0.13124699890613556,0.1290142834186554,0.08827138692140579,0.10419371724128723,0.07356823980808258,0.17616286873817444,0.22426706552505493,0.20644322037696838,0.07755915075540543,0.12119235843420029,0.05804484710097313,,0.29019734263420105,0.18348142504692078,
urban_cities,,0.1434728354215622,0.0707794800400734,0.17026914656162262,,0.14755754172801971,,0.16472899913787842,0.23277680575847626,,,0.12936535477638245,0.1277174949645996,0.06093943119049072,0.07908599078655243,,,0.053278107196092606,0.09755021333694458,0.13437171280384064,0.12944301962852478,0.19321808218955994,0.0972675010561943,0.09222850948572159,,,0.05894528701901436,0.10511349141597748,0.203186497092247,0.05514868348836899,0.059042755514383316,0.059346992522478104,0.07280361652374268,,0.1290142834186554,0.08827138692140579,0.22012022137641907,0.33655956387519836,0.11157374829053879,0.08002550899982452,0.11444298177957535,,,0.10218382626771927,0.051466211676597595,0.1327817142009735,0.08730722963809967,0.16449449956417084
urban_hukou,,0.20082736015319824,,0.1412682682275772,0.07473388314247131,0.14755754172801971,,0.07221779227256775,0.10199785977602005,,,0.12936535477638245,0.07457824796438217,0.26667073369026184,,0.11886309832334518,0.1415727138519287,0.1307375729084015,0.16570569574832916,0.13437171280384064,0.2375139594078064,0.19321808218955994,0.06692441552877426,0.07046527415513992,0.057277143001556396,0.09054048359394073,,0.08054821193218231,,0.09933100640773773,0.059042755514383316,,0.07280361652374268,0.10522350668907166,0.11607681959867477,0.15162204205989838,0.10611064732074738,0.056762367486953735,0.23878957331180573,0.1909223049879074,0.08130043745040894,,0.1030760109424591,0.10218382626771927,0.0567791648209095,0.06332635134458542,,0.16449449956417084
urban_renewal,,0.13536199927330017,,0.1412682682275772,,0.14755754172801971,,0.07221779227256775,0.19380471110343933,0.0666317418217659,0.20517221093177795,0.12936535477638245,0.10149495303630829,0.06093943119049072,,,,,,0.19781580567359924,,0.19321808218955994,,0.05472767353057861,,,,0.08054821193218231,0.17793744802474976,0.08502522855997086,0.12504935264587402,0.07919670641422272,0.08220186829566956,0.10336934030056,,,0.07676143944263458,,,,0.08130043745040894,0.13547152280807495,,0.16749989986419678,,0.06332635134458542,,0.16873563826084137
neurourbanism,0.07043225318193436,0.09162580221891403,0.3136163055896759,0.18250927329063416,0.08565951138734818,0.14755754172801971,0.10156570374965668,0.16472899913787842,0.10199785977602005,0.13039562106132507,0.07211972028017044,0.12936535477638245,0.1277174949645996,0.06093943119049072,0.07908599078655243,0.1284351944923401,0.10117942094802856,0.08912711590528488,0.19239214062690735,0.1639443039894104,0.06036798655986786,0.19321808218955994,0.16062809526920319,0.09222850948572159,0.10642927139997482,0.15789246559143066,0.10269848257303238,0.16277764737606049,0.07063313573598862,0.06010879948735237,0.13415396213531494,0.26497286558151245,0.07280361652374268,0.1819581389427185,0.1290142834186554,0.1629635989665985,0.079718217253685,0.08959618210792542,0.10661652684211731,0.2562915086746216,0.11444298177957535,0.18036474287509918,0.11491657793521881,0.17732611298561096,0.15413013100624084,0.12736248970031738,0.07189339399337769,0.16449449956417084
dweller,,0.1504310965538025,0.05902448669075966,0.24230410158634186,,0.09123440086841583,0.11517664045095444,0.16917124390602112,0.10481221973896027,0.10773614048957825,,0.09615190327167511,,0.15148253738880157,0.08101563900709152,,0.14861515164375305,0.07321882992982864,0.14791688323020935,0.10277208685874939,0.12552820146083832,0.14882785081863403,0.16438496112823486,0.05829840153455734,0.07509753108024597,0.15239059925079346,,0.09129419177770615,0.07201848179101944,,0.055790361016988754,0.05819661542773247,0.07883943617343903,0.10319448262453079,,,0.1091909408569336,0.0714174136519432,0.13618342578411102,0.16126488149166107,0.17687617242336273,0.23139432072639465,0.12011965364217758,,0.12663547694683075,0.0780482292175293,,
urban_density,0.06721517443656921,0.09162580221891403,0.0754583477973938,0.17026914656162262,0.17656299471855164,0.14755754172801971,0.21590369939804077,0.16472899913787842,0.16522592306137085,0.2698338031768799,0.07236501574516296,0.12936535477638245,0.1277174949645996,0.19726881384849548,0.1045636385679245,,0.12691308557987213,0.07578711211681366,,0.24183879792690277,0.1477302461862564,0.19321808218955994,0.12076486647129059,0.09222850948572159,0.13980545103549957,0.21911276876926422,0.13090284168720245,0.08054821193218231,0.06014806777238846,0.10848947614431381,0.1640332192182541,0.22189101576805115,0.11168909072875977,0.11922936141490936,0.14858384430408478,0.08827138692140579,0.07784706354141235,,,,0.22473730146884918,0.06536015123128891,0.07843521237373352,0.11908003687858582,,0.06332635134458542,0.1355716437101364,0.16449449956417084
habitat_design,0.06442546844482422,0.09162580221891403,0.1320018768310547,0.17026914656162262,0.13265646994113922,0.13019824028015137,0.12658117711544037,0.16472899913787842,0.1181790828704834,0.08019937574863434,0.12411394715309143,0.1410120576620102,0.2122756838798523,0.09609631448984146,0.11774831265211105,,0.11174438148736954,0.1766742318868637,,0.08425886929035187,0.1273023933172226,0.17955021560192108,0.11473727226257324,0.1641394942998886,0.06336814910173416,0.22571146488189697,0.17907853424549103,0.07424018532037735,0.13720601797103882,0.16390679776668549,0.15099413692951202,0.13065066933631897,0.10215647518634796,0.1518433839082718,0.1918499618768692,0.16655787825584412,0.09913238137960434,0.06252020597457886,0.10343340784311295,0.2486613243818283,0.11444298177957535,0.1435253918170929,0.12997832894325256,0.09640073031187057,0.15255962312221527,0.3230908215045929,0.17815375328063965,0.22152826189994812
neighborhood_retail,0.14305511116981506,0.1072290912270546,0.18406985700130463,0.10978461056947708,0.05093611776828766,,,0.08679410815238953,0.22117964923381805,0.17766502499580383,0.16603399813175201,0.1249350756406784,0.06114475801587105,0.12909778952598572,0.18645615875720978,0.22964587807655334,0.19854527711868286,0.09038182348012924,0.10244258493185043,0.09118498116731644,,0.060610879212617874,0.05946747213602066,,0.17040538787841797,0.097073033452034,0.1561567485332489,0.1531573086977005,0.058608438819646835,,0.08575718849897385,0.1968468725681305,0.051175557076931,0.12451305985450745,0.07983779907226562,0.18600080907344818,0.10419371724128723,0.059109773486852646,0.17616286873817444,0.22426706552505493,0.05744832381606102,0.08759663254022598,0.1215997114777565,0.09922903776168823,0.13388924300670624,0.050177741795778275,0.14867626130580902,0.07786395400762558
english_housing,0.12602920830249786,0.22071869671344757,,0.17026914656162262,0.2550884783267975,0.2396816462278366,0.10375745594501495,0.16472899913787842,0.10199785977602005,0.22077646851539612,0.1305743008852005,0.1818200796842575,0.1277174949645996,0.08541347831487656,0.07908599078655243,0.14490248262882233,0.117129847407341,0.13749559223651886,,0.14210793375968933,0.15294326841831207,0.19321808218955994,0.13355955481529236,0.09441271424293518,0.22090210020542145,,,0.1418740153312683,0.14400027692317963,0.1305534541606903,0.059042755514383316,0.07588482648134232,0.07280361652374268,,0.1290142834186554,0.08827138692140579,0.08183308690786362,0.06599100679159164,0.09436378628015518,0.08082849532365799,0.11444298177957535,0.1382308453321457,0.0964454934000969,0.11630517989397049,0.10836110264062881,0.13872617483139038,0.12951557338237762,0.16449449956417084
housing_quality,0.12602920830249786,0.22071869671344757,,0.17026914656162262,0.08785537630319595,0.2396816462278366,0.10375745594501495,0.16472899913787842,0.11745624244213104,0.18298043310642242,0.10782328248023987,0.12936535477638245,0.1277174949645996,0.16972839832305908,0.17134998738765717,,0.09065667539834976,0.07613646984100342,0.10766749083995819,0.14210793375968933,0.15294326841831207,0.19321808218955994,,0.09441271424293518,0.22090210020542145,,0.09052377939224243,0.08054821193218231,0.14400027692317963,0.17052923142910004,0.09572891891002655,0.17979823052883148,0.07280361652374268,0.08419259637594223,0.15020285546779633,0.12016982585191727,0.07581130415201187,0.1430939882993698,0.09436378628015518,0.08082849532365799,0.11444298177957535,0.11174428462982178,0.14717954397201538,0.11630517989397049,0.08342307060956955,0.13872617483139038,0.15426084399223328,0.16449449956417084
housing_factors,0.1588585376739502,0.22071869671344757,,0.17026914656162262,0.06386969983577728,0.2396816462278366,0.10375745594501495,0.16472899913787842,0.14640292525291443,0.22998949885368347,0.05441369488835335,0.19248710572719574,0.15411174297332764,0.08541347831487656,0.07908599078655243,0.08979654312133789,0.13866741955280304,0.22752992808818817,0.06317071616649628,0.14210793375968933,0.15294326841831207,0.19321808218955994,0.05330416187644005,0.09441271424293518,0.22090210020542145,0.0841059759259224,0.15826809406280518,0.25088346004486084,0.14400027692317963,0.1305534541606903,0.09532982110977173,0.1714513897895813,0.07280361652374268,,0.1290142834186554,0.16254673898220062,0.07581130415201187,0.07356823980808258,0.09436378628015518,0.08082849532365799,0.20644322037696838,0.2197485864162445,0.07088062912225723,0.11630517989397049,,0.14513380825519562,0.18348142504692078,0.16449449956417084
personal_housing,0.12602920830249786,0.22071869671344757,0.05267591401934624,0.17026914656162262,0.07776348292827606,0.2396816462278366,0.1226031556725502,0.16472899913787842,0.10199785977602005,0.18298043310642242,0.15604229271411896,0.21998757123947144,0.20635783672332764,0.11007318645715714,0.07908599078655243,0.09908012300729752,0.057388294488191605,0.05718936026096344,0.19369201362133026,0.14210793375968933,0.15294326841831207,0.19321808218955994,0.07020864635705948,0.09441271424293518,0.22090210020542145,0.060836803168058395,,0.35265257954597473,0.14400027692317963,0.18731708824634552,0.07694694399833679,0.11793407052755356,0.07280361652374268,0.11775511503219604,0.1290142834186554,0.10253916680812836,0.07702915370464325,0.15240348875522614,0.1345301866531372,0.1195889487862587,0.22020289301872253,0.18077202141284943,0.22654134035110474,0.127950981259346,0.18038049340248108,0.15145935118198395,0.12951557338237762,0.16449449956417084
same_neighborhood,0.11096303164958954,0.1072290912270546,0.18406985700130463,0.17026914656162262,,0.13019824028015137,,0.16472899913787842,0.13601478934288025,0.2773968577384949,0.08053935319185257,0.1249350756406784,0.1277174949645996,0.12909778952598572,0.18645615875720978,0.22964587807655334,0.19854527711868286,0.09038182348012924,0.10244258493185043,0.09118498116731644,,,0.05946747213602066,0.09222850948572159,0.11973453313112259,0.097073033452034,0.1561567485332489,0.1531573086977005,0.058608438819646835,0.05514868348836899,0.08575718849897385,0.18755431473255157,,0.18731114268302917,0.1290142834186554,0.08827138692140579,0.10419371724128723,0.06444752216339111,0.17616286873817444,0.22426706552505493,0.12977594137191772,,0.11961720138788223,,0.09429769217967987,0.12138854712247849,0.14867626130580902,
ses_neighborhoods,0.11096303164958954,0.1072290912270546,0.18406985700130463,0.17026914656162262,,0.2502916157245636,,0.16472899913787842,0.07396053522825241,0.17766502499580383,0.0630287155508995,0.1249350756406784,0.1277174949645996,0.16480307281017303,0.18645615875720978,0.22964587807655334,0.19854527711868286,0.14835654199123383,0.10244258493185043,0.12186480313539505,,0.12371857464313507,0.05946747213602066,0.09222850948572159,0.08063054084777832,0.19834870100021362,0.1561567485332489,0.1531573086977005,0.058608438819646835,0.05514868348836899,0.08575718849897385,0.18755431473255157,,0.12451305985450745,0.1870841085910797,0.08827138692140579,0.10419371724128723,0.07059073448181152,0.17616286873817444,0.22426706552505493,0.11444298177957535,,0.1465965211391449,,,0.06909114122390747,0.14867626130580902,
income_neighborhoods,0.20184260606765747,0.20796824991703033,0.18406985700130463,0.17026914656162262,0.19667603075504303,0.1598309874534607,0.08032698929309845,0.16472899913787842,0.07396053522825241,0.17766502499580383,0.25517094135284424,0.13935606181621552,0.21674002707004547,0.12909778952598572,0.18645615875720978,0.22964587807655334,0.2117808610200882,0.09296786040067673,0.10244258493185043,0.0947302058339119,,0.1263544112443924,0.23295612633228302,0.12954705953598022,0.08063054084777832,0.10527590662240982,0.1561567485332489,0.27206164598464966,0.058608438819646835,0.14726893603801727,0.08575718849897385,0.18755431473255157,0.15280894935131073,0.15694519877433777,0.1290142834186554,0.21660806238651276,0.10419371724128723,0.059109773486852646,0.17616286873817444,0.22426706552505493,0.11444298177957535,0.22704049944877625,0.11961720138788223,,0.1626521497964859,0.14813430607318878,0.14867626130580902,0.10429124534130096
neighborhood_income,0.20184260606765747,0.1072290912270546,0.18406985700130463,0.10978461056947708,0.19667603075504303,0.1598309874534607,0.08032698929309845,0.08679410815238953,,0.17766502499580383,0.25517094135284424,0.13935606181621552,0.09961514174938202,0.12909778952598572,0.18645615875720978,0.22964587807655334,0.2117808610200882,0.09038182348012924,0.10244258493185043,0.12040461599826813,,0.1263544112443924,0.23295612633228302,0.13411660492420197,0.08317341655492783,0.097073033452034,0.1561567485332489,0.27206164598464966,0.058608438819646835,0.10336148738861084,0.09822418540716171,0.18755431473255157,0.1630273312330246,0.15694519877433777,0.07983779907226562,,0.10419371724128723,0.059109773486852646,0.17616286873817444,0.22426706552505493,0.07363487035036087,,0.11961720138788223,0.145900696516037,0.06101638078689575,,0.14867626130580902,0.17817753553390503
megacity,0.1313878893852234,,0.07319751381874084,0.05302556976675987,0.14776869118213654,0.07048822194337845,,0.060261428356170654,0.08074016869068146,0.14636459946632385,0.0957053005695343,,0.1779392659664154,,,,0.06421320140361786,0.07801471650600433,0.14238470792770386,,,,0.11829068511724472,0.08551370352506638,0.21413429081439972,,0.1274825483560562,0.06223149225115776,,0.07817942649126053,0.0794229656457901,0.11473588645458221,0.08280837535858154,,,0.0968833789229393,,0.22193056344985962,,,,0.1531420648097992,0.19911439716815948,0.2556394636631012,0.15423069894313812,0.23987214267253876,0.0766935870051384,0.10603970289230347
neighborhood_impact,0.11096303164958954,0.11597345769405365,0.18406985700130463,0.10978461056947708,0.05894038826227188,0.11369411647319794,0.09812009334564209,0.09576334059238434,0.14640292525291443,0.22998949885368347,0.0630287155508995,0.1249350756406784,,0.12909778952598572,0.18645615875720978,0.22964587807655334,0.19854527711868286,0.10662639141082764,0.10244258493185043,0.18217319250106812,,0.11781647056341171,0.15809428691864014,0.16897320747375488,0.13085415959358215,0.097073033452034,0.1561567485332489,0.1531573086977005,0.14382091164588928,0.10937568545341492,0.11568371206521988,0.18755431473255157,0.06530912220478058,0.12451305985450745,0.09309453517198563,0.10253916680812836,0.11886447668075562,0.15240348875522614,0.17616286873817444,0.22426706552505493,0.20644322037696838,0.2411559671163559,0.14357396960258484,0.06742578744888306,0.12692928314208984,0.18290333449840546,0.18348142504692078,
neighborhood_planning,0.15350298583507538,0.22071869671344757,0.18406985700130463,0.15537934005260468,0.12308244407176971,0.2396816462278366,0.1606874316930771,0.09576334059238434,0.1696033924818039,0.18298043310642242,0.0630287155508995,0.1249350756406784,0.20170941948890686,0.12909778952598572,0.18645615875720978,0.22964587807655334,0.19854527711868286,0.09038182348012924,0.10244258493185043,0.12575870752334595,0.15237070620059967,0.18886224925518036,0.10004428029060364,0.17315563559532166,0.22090210020542145,0.097073033452034,0.1561567485332489,0.1531573086977005,0.1345580518245697,0.13788899779319763,0.09491515904664993,0.18755431473255157,0.14495764672756195,0.12451305985450745,0.17292052507400513,0.10253916680812836,0.10419371724128723,0.15240348875522614,0.17616286873817444,0.22426706552505493,0.07622495293617249,0.16634218394756317,0.14357396960258484,0.1981998085975647,,0.13872617483139038,0.14867626130580902,
neighborhood_satisfaction,0.11096303164958954,0.11597345769405365,0.18406985700130463,0.17026914656162262,,0.13019824028015137,,0.16472899913787842,0.14640292525291443,0.22998949885368347,0.12630051374435425,0.1249350756406784,0.1277174949645996,0.12909778952598572,0.18645615875720978,0.22964587807655334,0.19854527711868286,0.22752992808818817,0.10244258493185043,0.09118498116731644,0.07874745875597,0.10947836935520172,0.05946747213602066,0.14990028738975525,0.19139987230300903,0.11193247884511948,0.1561567485332489,0.1531573086977005,0.058608438819646835,0.05514868348836899,0.08575718849897385,0.18755431473255157,0.08902737498283386,0.12451305985450745,0.1290142834186554,0.08827138692140579,0.10419371724128723,0.07356823980808258,0.17616286873817444,0.22426706552505493,0.20644322037696838,0.2197485864162445,0.11961720138788223,,,0.14513380825519562,0.18348142504692078,
courtyard_design,,0.09162580221891403,0.1320018768310547,0.1785801351070404,0.11503756046295166,0.14755754172801971,0.14972692728042603,0.16472899913787842,0.10199785977602005,0.181196928024292,0.12411394715309143,0.1360790878534317,0.18554173409938812,0.09609631448984146,0.1896856427192688,0.08529844880104065,0.1351643204689026,0.1766742318868637,0.161427840590477,0.13437171280384064,0.14332985877990723,0.19321808218955994,0.11473727226257324,0.1097688153386116,0.06336814910173416,0.07989763468503952,0.10647597163915634,0.08054821193218231,0.12530528008937836,0.2346482127904892,0.15099413692951202,0.157892644405365,0.10215647518634796,0.11458677798509598,0.18753962218761444,0.16655787825584412,0.1188184916973114,0.1304195523262024,0.09121666103601456,,0.11444298177957535,0.1435253918170929,0.1113477349281311,0.10218382626771927,0.15255962312221527,0.3230908215045929,0.17815375328063965,0.16449449956417084
neighborhood_built,0.1408250331878662,0.1949315071105957,0.18406985700130463,0.1412682682275772,0.12922978401184082,0.14755754172801971,,0.08679410815238953,0.10199785977602005,0.17766502499580383,0.0630287155508995,0.12936535477638245,0.07771424949169159,0.12909778952598572,0.18645615875720978,0.22964587807655334,0.19854527711868286,0.1546163260936737,0.10244258493185043,0.13437171280384064,0.11221858859062195,0.19321808218955994,0.05946747213602066,0.18991848826408386,0.08063054084777832,0.097073033452034,0.1561567485332489,0.1531573086977005,0.18023823201656342,0.1430564671754837,0.08575718849897385,0.18755431473255157,0.1151924580335617,0.12451305985450745,0.08994629234075546,0.15838845074176788,0.10419371724128723,0.11433979123830795,0.17616286873817444,0.22426706552505493,0.08130043745040894,0.056747838854789734,0.11961720138788223,0.12479556351900101,0.0950947180390358,0.13538247346878052,0.14867626130580902,0.16464373469352722
neighborhood_disorder,0.11096303164958954,0.18695463240146637,0.18406985700130463,0.17026914656162262,,0.13019824028015137,0.1406569480895996,0.16472899913787842,0.08742313086986542,0.17766502499580383,0.11838817596435547,0.1249350756406784,0.1277174949645996,0.12909778952598572,0.18645615875720978,0.22964587807655334,0.19854527711868286,0.09038182348012924,0.3609497547149658,0.09745986759662628,,0.16456669569015503,0.10308203101158142,0.09222850948572159,0.19617781043052673,0.097073033452034,0.19060242176055908,0.1531573086977005,0.07834278792142868,0.05514868348836899,0.08575718849897385,0.18755431473255157,,0.12451305985450745,0.1290142834186554,0.08827138692140579,0.10419371724128723,0.059109773486852646,0.2511213719844818,0.22426706552505493,0.11444298177957535,,0.1583700180053711,0.053495507687330246,0.16696563363075256,,0.14867626130580902,
housing_neighborhoods,0.12602920830249786,0.22071869671344757,0.18406985700130463,0.17026914656162262,,0.2396816462278366,0.10375745594501495,0.16472899913787842,0.10199785977602005,0.18298043310642242,0.0630287155508995,0.12936535477638245,0.20496854186058044,0.12909778952598572,0.18645615875720978,0.22964587807655334,0.19854527711868286,0.12492848187685013,0.11818909645080566,0.14210793375968933,0.15294326841831207,0.19321808218955994,0.05946747213602066,0.10707123577594757,0.22090210020542145,0.1304703652858734,0.1561567485332489,0.1531573086977005,0.14400027692317963,0.1305534541606903,0.08575718849897385,0.18755431473255157,0.07280361652374268,0.12451305985450745,0.1290142834186554,0.08827138692140579,0.10419371724128723,0.06599100679159164,0.17616286873817444,0.22426706552505493,0.17316508293151855,0.07759803533554077,0.11961720138788223,0.11630517989397049,,0.14620500802993774,0.14867626130580902,0.16449449956417084
cluster_buildings,0.12602920830249786,0.22071869671344757,,0.23185916244983673,,0.2396816462278366,,0.16472899913787842,0.18396715819835663,0.18298043310642242,0.24439997971057892,0.12936535477638245,0.1277174949645996,0.0892394483089447,0.07908599078655243,0.10290820896625519,0.10001043230295181,0.09019847959280014,0.1644221544265747,0.14173389971256256,0.15237070620059967,0.2963410019874573,,0.16054847836494446,0.22090210020542145,,0.05605817213654518,0.08054821193218231,0.12550963461399078,0.14705893397331238,0.07526730000972748,0.07588482648134232,0.16502198576927185,0.08082370460033417,0.23211096227169037,0.09363257884979248,0.13692530989646912,0.06599100679159164,0.09436378628015518,0.1719493418931961,0.11444298177957535,0.11919638514518738,0.11687619984149933,0.11630517989397049,0.09316786378622055,0.13872617483139038,0.12951557338237762,0.16449449956417084
urban_structure,0.10078968852758408,0.20492859184741974,,0.17026914656162262,0.08688241243362427,0.14755754172801971,0.1455734521150589,0.16472899913787842,0.24919982254505157,0.08641048520803452,0.16501472890377045,0.12936535477638245,0.1277174949645996,0.11805912852287292,0.07908599078655243,0.27003049850463867,,,0.05635351315140724,0.13437171280384064,0.17162783443927765,0.19321808218955994,0.14078447222709656,0.09222850948572159,,0.1468140184879303,0.05207507312297821,0.10771363228559494,,0.05514868348836899,0.059042755514383316,0.059346992522478104,0.07280361652374268,0.055995646864175797,0.1290142834186554,0.08827138692140579,0.07581130415201187,0.0969332903623581,0.1308910995721817,0.0931985005736351,0.11444298177957535,0.11109425872564316,0.060285087674856186,0.10533950477838516,,0.20065654814243317,,0.16449449956417084
housing_characteristics,0.12602920830249786,0.22071869671344757,,0.2196604162454605,,0.2396816462278366,0.10375745594501495,0.16472899913787842,0.14640292525291443,0.22998949885368347,0.08087646961212158,0.12936535477638245,0.13256320357322693,0.12686899304389954,0.07908599078655243,,0.07595337182283401,0.10662639141082764,0.19409659504890442,0.14210793375968933,0.15294326841831207,0.19321808218955994,,0.09441271424293518,0.22090210020542145,,0.1593913435935974,0.10733115673065186,0.14400027692317963,0.15231497585773468,0.20347189903259277,0.07588482648134232,0.07280361652374268,,0.1290142834186554,0.08827138692140579,0.11787733435630798,0.07356823980808258,0.1064237430691719,0.12540073692798615,0.20644322037696838,0.09896241873502731,0.10918673127889633,0.11630517989397049,0.11603085696697235,0.17358112335205078,0.18348142504692078,0.16449449956417084
effect_housing,0.12602920830249786,0.22071869671344757,0.05180405452847481,0.19240912795066833,0.05279071256518364,0.2396816462278366,0.10375745594501495,0.16472899913787842,0.10199785977602005,0.18298043310642242,0.08107442408800125,0.12936535477638245,0.1277174949645996,0.14807377755641937,0.07908599078655243,,0.08321689069271088,,0.17839615046977997,0.14210793375968933,0.15294326841831207,0.19321808218955994,0.13735082745552063,0.09441271424293518,0.22090210020542145,0.19638147950172424,0.1478755921125412,0.14791150391101837,0.14400027692317963,0.1305534541606903,0.1138492003083229,0.07588482648134232,0.07280361652374268,0.11546095460653305,0.1290142834186554,0.12776462733745575,0.07581130415201187,0.06599100679159164,0.12031927704811096,0.09607921540737152,0.11444298177957535,0.052743177860975266,0.20492851734161377,0.17510885000228882,,0.13872617483139038,0.12951557338237762,0.16449449956417084
effects_housing,0.12602920830249786,0.22071869671344757,,0.17026914656162262,,0.2396816462278366,0.10375745594501495,0.16472899913787842,0.10199785977602005,0.18298043310642242,,0.12936535477638245,0.1277174949645996,0.14807377755641937,0.10864205658435822,,,,0.17839615046977997,0.14210793375968933,0.15294326841831207,0.19321808218955994,0.13735082745552063,0.09441271424293518,0.22090210020542145,0.19638147950172424,0.31548744440078735,0.08054821193218231,0.14400027692317963,0.1305534541606903,0.059042755514383316,0.07588482648134232,0.07280361652374268,0.11546095460653305,0.30668357014656067,0.12776462733745575,0.07581130415201187,0.158922016620636,0.14321108162403107,0.08082849532365799,0.11444298177957535,0.10722911357879639,0.20492851734161377,0.17510885000228882,,0.13872617483139038,0.12951557338237762,0.16449449956417084
building_morphology,0.20070801675319672,0.22071869671344757,0.07930054515600204,0.1412682682275772,0.11755277961492538,0.2396816462278366,0.09812009334564209,0.09576334059238434,0.19534651935100555,0.18298043310642242,0.24439997971057892,0.13266432285308838,0.13375161588191986,0.11007318645715714,,0.09225963056087494,0.22683563828468323,0.09019847959280014,,0.13437171280384064,0.15237070620059967,0.19321808218955994,0.07596512138843536,0.08389276266098022,0.22090210020542145,,0.10166490077972412,0.08472736924886703,0.1345580518245697,0.14705893397331238,0.16124869883060455,0.11793407052755356,0.16502198576927185,0.09251604229211807,0.23211096227169037,0.10253916680812836,0.08960621803998947,0.16416043043136597,0.1645864099264145,0.1719493418931961,0.23301935195922852,0.06401538848876953,0.14357396960258484,0.11630517989397049,0.0750235989689827,0.13872617483139038,0.1539783924818039,0.16449449956417084
urban_greenness,,0.11280828714370728,,0.17026914656162262,0.17003239691257477,0.14755754172801971,,0.16472899913787842,0.2447425127029419,0.18445105850696564,0.23797261714935303,0.12936535477638245,0.14550572633743286,0.13384683430194855,0.17484860122203827,,0.15836618840694427,,0.1274666041135788,0.18810540437698364,0.1271127462387085,0.19321808218955994,0.0766926109790802,0.17684732377529144,0.11031036078929901,0.09569289535284042,0.05828789621591568,0.08054821193218231,,0.14681071043014526,0.123885877430439,0.059346992522478104,0.13090021908283234,0.14952774345874786,0.25188055634498596,0.08827138692140579,0.07581130415201187,,0.13724417984485626,0.13664336502552032,0.11444298177957535,0.18164362013339996,,0.20011396706104279,0.1483282893896103,0.06332635134458542,0.22811266779899597,0.16449449956417084
policy_housing,0.12602920830249786,0.22071869671344757,,0.17026914656162262,0.05894038826227188,0.2396816462278366,0.10375745594501495,0.16472899913787842,0.1548261195421219,0.18298043310642242,0.11256672441959381,0.22934876382350922,0.1277174949645996,0.11007318645715714,0.07908599078655243,0.10239271819591522,0.07196590304374695,0.08615224063396454,,0.14210793375968933,0.15294326841831207,0.19321808218955994,0.06504479795694351,0.09441271424293518,0.22090210020542145,,0.08496657758951187,0.08054821193218231,0.14400027692317963,0.1305534541606903,0.15178726613521576,0.11793407052755356,0.07280361652374268,0.09251604229211807,0.1290142834186554,0.10253916680812836,0.07581130415201187,0.15240348875522614,0.09436378628015518,0.1195889487862587,0.11444298177957535,0.052743177860975266,0.14357396960258484,0.11630517989397049,0.13783615827560425,0.13872617483139038,0.12951557338237762,0.16449449956417084
neighborhood_relations,0.11096303164958954,0.1072290912270546,0.18406985700130463,0.17026914656162262,0.050168536603450775,0.13019824028015137,0.16593044996261597,0.16472899913787842,0.08478613197803497,0.17766502499580383,0.06764260679483414,0.1249350756406784,0.1277174949645996,0.12909778952598572,0.18645615875720978,0.22964587807655334,0.19854527711868286,0.13409486413002014,0.10244258493185043,0.2115134447813034,,0.06868888437747955,0.1468929797410965,0.09222850948572159,0.08063054084777832,0.097073033452034,0.1561567485332489,0.1531573086977005,0.06061172857880592,0.10635018348693848,0.1364666372537613,0.18755431473255157,0.17464998364448547,0.12451305985450745,0.1290142834186554,0.08827138692140579,0.21125604212284088,0.06369801610708237,0.17616286873817444,0.22426706552505493,0.11444298177957535,0.0945056825876236,0.16347435116767883,0.10570196062326431,0.1918569654226303,0.09271929413080215,0.14867626130580902,0.10211792588233948
company_housing,0.12602920830249786,0.22071869671344757,,0.17026914656162262,0.05894038826227188,0.2396816462278366,0.10375745594501495,0.16472899913787842,0.10199785977602005,0.18298043310642242,,0.12936535477638245,0.1277174949645996,0.14783555269241333,0.07908599078655243,0.0856858417391777,,,,0.2639295160770416,0.15294326841831207,0.19321808218955994,,0.09441271424293518,0.22090210020542145,,0.09505107998847961,0.08054821193218231,0.14400027692317963,0.1305534541606903,0.07694694399833679,0.11793407052755356,0.10158742219209671,0.09251604229211807,0.1290142834186554,0.10253916680812836,0.07581130415201187,0.15240348875522614,0.24566160142421722,0.1195889487862587,0.11444298177957535,0.052743177860975266,0.14357396960258484,0.11630517989397049,,0.13872617483139038,0.12951557338237762,0.16449449956417084
housing_communities,0.12602920830249786,0.22071869671344757,0.0707794800400734,0.17026914656162262,,0.2396816462278366,0.10375745594501495,0.16472899913787842,0.23277680575847626,0.18298043310642242,,0.12936535477638245,0.1835123896598816,0.08541347831487656,0.07908599078655243,0.09165695309638977,,0.053278107196092606,,0.14210793375968933,0.15294326841831207,0.19321808218955994,0.09711651504039764,0.09441271424293518,0.22090210020542145,,0.24050256609916687,0.10511349141597748,0.14400027692317963,0.1305534541606903,0.059042755514383316,0.07588482648134232,0.07280361652374268,,0.1290142834186554,0.08827138692140579,0.07653030008077621,0.06599100679159164,0.09436378628015518,0.08082849532365799,0.11444298177957535,0.052743177860975266,,0.11630517989397049,0.051466211676597595,0.13872617483139038,0.12951557338237762,0.16449449956417084
urban_settings,0.1672970950603485,0.22071869671344757,0.0676528736948967,0.24133414030075073,0.09405415505170822,0.2396816462278366,0.07922503352165222,0.22555166482925415,0.27410122752189636,0.19113680720329285,0.11618421971797943,0.12936535477638245,0.1277174949645996,0.06922736018896103,0.07908599078655243,0.11515241861343384,0.16591882705688477,,0.07491017132997513,0.19993571937084198,0.19128507375717163,0.19321808218955994,,0.09222850948572159,0.22090210020542145,0.14556464552879333,0.12324368208646774,0.08054821193218231,0.0646088570356369,0.14937002956867218,0.059042755514383316,0.07588482648134232,0.07280361652374268,,0.18625029921531677,0.1549786776304245,0.08111169934272766,0.14309516549110413,0.09436378628015518,0.21071657538414001,0.15413802862167358,0.0843530148267746,,0.12556801736354828,,0.13872617483139038,0.12951557338237762,0.17115114629268646
urban_infrastructure,0.06346109509468079,0.09162580221891403,0.14590466022491455,0.17026914656162262,0.09341511875391006,0.14755754172801971,0.1455734521150589,0.16472899913787842,0.24919982254505157,0.08641048520803452,0.11440657079219818,0.12936535477638245,0.1277174949645996,0.11805912852287292,0.14967955648899078,0.0772414579987526,,0.19594250619411469,0.1513965129852295,0.13437171280384064,0.12915629148483276,0.19321808218955994,0.14078447222709656,0.1273103654384613,0.05933437868952751,,0.05207507312297821,0.10771363228559494,,0.14812010526657104,0.059042755514383316,0.15771470963954926,0.07280361652374268,0.055995646864175797,0.3146061897277832,0.08827138692140579,0.13436837494373322,0.11968278884887695,0.05297662317752838,0.0931985005736351,0.15421822667121887,,0.060285087674856186,0.10218382626771927,0.05035114288330078,0.06332635134458542,0.05354971066117287,0.16449449956417084
urban_living,0.12602920830249786,0.22071869671344757,,0.1412682682275772,,0.2396816462278366,,0.07221779227256775,0.10199785977602005,0.18298043310642242,0.1291559785604477,0.12936535477638245,0.07457824796438217,0.06093943119049072,0.12531563639640808,0.06401920318603516,,0.057243820279836655,,0.13437171280384064,0.15237070620059967,0.19321808218955994,,0.07839063555002213,0.22090210020542145,,0.06395960599184036,0.08054821193218231,0.12330561131238937,0.1305534541606903,0.18173274397850037,0.07588482648134232,0.1897512525320053,0.05127890035510063,0.1518523395061493,0.08674850314855576,,0.06599100679159164,0.09436378628015518,0.09455333650112152,0.08130043745040894,0.14624673128128052,0.12970249354839325,0.11630517989397049,,0.13872617483139038,0.12951557338237762,0.16449449956417084
urbanized,,0.0695987343788147,,0.1412682682275772,0.19530177116394043,0.14755754172801971,0.0757911279797554,0.07221779227256775,0.10199785977602005,,,0.12936535477638245,0.07457824796438217,0.06093943119049072,0.0705246850848198,0.16185404360294342,,,,0.13437171280384064,,0.19321808218955994,0.12657378613948822,0.05472767353057861,0.15239346027374268,,,0.08054821193218231,,0.05443207174539566,0.059042755514383316,,0.07280361652374268,,,,,0.06337356567382812,,,0.1515951007604599,0.1545591652393341,,0.10218382626771927,,0.06332635134458542,,0.16449449956417084
green_urban,0.17485490441322327,0.07976210117340088,,0.1412682682275772,0.17003239691257477,0.14755754172801971,0.057087112218141556,0.07221779227256775,0.10199785977602005,,0.23797261714935303,0.12936535477638245,0.10147622227668762,0.06093943119049072,,,,,,0.13437171280384064,,0.19321808218955994,,0.2446322739124298,0.05574239790439606,,,0.08054821193218231,,0.05443207174539566,0.10626411437988281,,0.13090021908283234,,0.19071896374225616,,,,,,0.15235379338264465,0.18164362013339996,0.1752612292766571,0.10218382626771927,0.16658708453178406,0.12138688564300537,,0.16449449956417084
urban_residential,0.07910482585430145,0.16956286132335663,0.05353608354926109,0.17026914656162262,0.2546600103378296,0.14755754172801971,0.21694836020469666,0.16472899913787842,0.2507132887840271,0.1406678408384323,0.14591383934020996,0.12936535477638245,0.1277174949645996,0.2467721402645111,0.07908599078655243,0.1682090014219284,,0.19417566061019897,0.11713750660419464,0.13437171280384064,0.07485834509134293,0.19321808218955994,0.0753629207611084,0.17658911645412445,,0.1725941151380539,0.07046271115541458,0.12875962257385254,0.07322679460048676,0.1683441549539566,0.09914040565490723,0.10506919771432877,0.07280361652374268,0.11851809173822403,0.2456798255443573,0.11547286808490753,0.1317175328731537,0.11074832081794739,0.09648547321557999,0.05941111594438553,0.20885583758354187,0.205514058470726,0.13604024052619934,0.10218382626771927,0.1389840692281723,0.14619123935699463,0.14146779477596283,0.16449449956417084
compact_neighborhoods,0.11096303164958954,0.15214107930660248,0.18406985700130463,0.17026914656162262,0.05894038826227188,0.13019824028015137,0.09812009334564209,0.16472899913787842,0.14640292525291443,0.22998949885368347,0.0630287155508995,0.14543728530406952,0.1277174949645996,0.12909778952598572,0.18645615875720978,0.22964587807655334,0.19854527711868286,0.10662639141082764,0.10244258493185043,0.09118498116731644,0.05418166145682335,0.11781647056341171,0.05946747213602066,0.09222850948572159,0.13085415959358215,0.097073033452034,0.1561567485332489,0.18420666456222534,0.23068834841251373,0.10937568545341492,0.08575718849897385,0.24294237792491913,0.2028639167547226,0.14846035838127136,0.1290142834186554,0.10253916680812836,0.10419371724128723,0.15240348875522614,0.17616286873817444,0.22426706552505493,0.20644322037696838,0.19358234107494354,0.14357396960258484,0.072409488260746,,0.14513380825519562,0.18348142504692078,
suburban_neighborhoods,0.11096303164958954,0.1072290912270546,0.18406985700130463,0.17026914656162262,0.12492965906858444,0.14755754172801971,0.06671711057424545,0.16472899913787842,0.10199785977602005,0.17766502499580383,0.08110229671001434,0.12936535477638245,0.15375055372714996,0.13581320643424988,0.18645615875720978,0.22964587807655334,0.21193881332874298,0.13276034593582153,0.10244258493185043,0.14985349774360657,0.09616817533969879,0.19321808218955994,0.05946747213602066,0.15478341281414032,0.16862159967422485,0.15143953263759613,0.1561567485332489,0.1531573086977005,0.10238359868526459,0.09812501817941666,0.08575718849897385,0.18755431473255157,0.07952975481748581,0.12451305985450745,0.1290142834186554,0.17465011775493622,0.10419371724128723,0.07823197543621063,0.17616286873817444,0.22426706552505493,0.26865485310554504,0.13338997960090637,0.11961720138788223,0.10471753031015396,0.2037612944841385,0.13014937937259674,0.14867626130580902,0.16449449956417084
urban_forms,,0.09162580221891403,0.14509698748588562,0.2012423723936081,0.19366884231567383,0.14755754172801971,,0.16472899913787842,0.10199785977602005,0.19064122438430786,,0.12936535477638245,0.1277174949645996,0.08384720236063004,0.07908599078655243,0.23238177597522736,0.12049121409654617,,0.12610529363155365,0.13437171280384064,,0.19321808218955994,0.12520867586135864,0.09222850948572159,0.10981705784797668,0.200430229306221,,0.08054821193218231,,0.08897832781076431,0.059042755514383316,0.059346992522478104,0.10282214730978012,,0.1290142834186554,0.10819750279188156,0.09223608672618866,0.15682624280452728,0.11228178441524506,,0.11444298177957535,0.09119713306427002,0.06315352022647858,0.1735905110836029,,0.15148909389972687,,0.16449449956417084
neighborhood_social,0.11096303164958954,0.27298539876937866,0.18406985700130463,0.17026914656162262,0.0918426513671875,0.22719459235668182,0.10275226831436157,0.16472899913787842,0.07396053522825241,0.17766502499580383,0.0630287155508995,0.1249350756406784,0.1277174949645996,0.12909778952598572,0.18645615875720978,0.22964587807655334,0.19854527711868286,0.10415926575660706,0.14130659401416779,0.1180930882692337,0.1697913110256195,,0.05946747213602066,0.12434559315443039,0.08063054084777832,0.097073033452034,0.1561567485332489,0.1531573086977005,0.058608438819646835,0.05514868348836899,0.14508666098117828,0.18755431473255157,,0.12451305985450745,0.1290142834186554,0.08827138692140579,0.14198273420333862,0.094728484749794,0.1817103773355484,0.22426706552505493,0.11444298177957535,,0.11961720138788223,,,0.12775534391403198,0.14867626130580902,0.055044375360012054
compact_city,0.1813453733921051,0.15214107930660248,0.07319751381874084,0.09521833807229996,0.07459065318107605,0.11369411647319794,0.09812009334564209,0.13217608630657196,0.14640292525291443,0.22998949885368347,0.0957053005695343,0.14543728530406952,,0.11922333389520645,0.06280048191547394,0.0856858417391777,,0.10662639141082764,0.0947074145078659,,,0.11781647056341171,,0.08551370352506638,0.21413429081439972,,0.11601811647415161,0.18420666456222534,0.1345580518245697,0.10937568545341492,0.0794229656457901,0.24294237792491913,0.08280837535858154,0.14846035838127136,0.08715009689331055,0.10253916680812836,,0.15240348875522614,0.07937561720609665,0.1195889487862587,0.20644322037696838,0.07755915075540543,0.19911439716815948,0.2556394636631012,0.15423069894313812,0.14513380825519562,0.18348142504692078,0.07914362102746964
city_residents,0.1313878893852234,0.16956286132335663,0.07319751381874084,0.17026914656162262,0.07459065318107605,0.13131898641586304,0.11023573577404022,0.16472899913787842,0.2507132887840271,0.14636459946632385,0.14591383934020996,0.12108252942562103,0.1277174949645996,0.2467721402645111,0.1808236539363861,0.1682090014219284,0.22651199996471405,0.11689718067646027,,0.11558695882558823,0.050860002636909485,0.1124437153339386,,0.17658911645412445,0.21413429081439972,0.1568191945552826,0.07046271115541458,0.0926254391670227,0.07322679460048676,0.1683441549539566,0.09914040565490723,0.059346992522478104,0.08280837535858154,0.06908215582370758,0.2456798255443573,0.11547286808490753,0.17216576635837555,0.11074832081794739,0.0716589018702507,0.05941111594438553,0.11444298177957535,0.14267775416374207,0.19911439716815948,0.2556394636631012,0.15423069894313812,0.12707668542861938,0.14146779477596283,0.07914362102746964
urban_sprawl,,0.10490124672651291,,0.17026914656162262,0.07333898544311523,0.14755754172801971,0.09812009334564209,0.16472899913787842,0.10199785977602005,0.06612591445446014,,0.12936535477638245,0.1277174949645996,0.11007318645715714,0.09964709728956223,0.0856858417391777,0.18814052641391754,0.06696221232414246,0.27098017930984497,0.13437171280384064,,0.19321808218955994,0.32180166244506836,0.09222850948572159,0.11323604732751846,0.08584577590227127,,0.08054821193218231,0.1345580518245697,0.10937568545341492,0.13157019019126892,0.11816930770874023,0.07847550511360168,0.09251604229211807,0.1290142834186554,0.1457061618566513,0.07581130415201187,0.15240348875522614,0.1451743245124817,0.17644494771957397,0.18948426842689514,0.0604662261903286,0.14357396960258484,0.10274653136730194,,0.12343159317970276,,0.16449449956417084
