index,conventional_buildings,building,building_occupants,occupant,building_design,facility,adaptation_urban,urban_life,urban_environment,urban_planning,city_center,dwell,housing,suburban,neighborhood,apartment,distance_city,citywide,urban_walking,suburbanization,city_centre,suburbanization_process,exurban_development,urbanization,old_city,new_city,urban_regeneration,urban_sites,urbanism,urban_area,urban_planners,new_building,urban_green,urban_environments,designer,urban_spaces,neighbourhood_building,urban_parks,historic_urban,apartment_design,apartment_building,apartment_residents,neighborhood_environment,neighborhood_appreciation,residential_neighborhood,young_urban,urban_form,urban_design,housing_development,neighborhood_level,public_housing,commodity_housing,neighborhood_characteristics,urban_cities,urban_hukou,urban_renewal,neurourbanism,dweller,urban_density,habitat_design,neighborhood_retail,english_housing,housing_quality,housing_factors,personal_housing,same_neighborhood,ses_neighborhoods,income_neighborhoods,neighborhood_income,megacity,neighborhood_impact,neighborhood_planning,neighborhood_satisfaction,courtyard_design,neighborhood_built,neighborhood_disorder,housing_neighborhoods,cluster_buildings,urban_structure,housing_characteristics,effect_housing,effects_housing,building_morphology,urban_greenness,policy_housing,neighborhood_relations,company_housing,housing_communities,urban_settings,urban_infrastructure,urban_living,urbanized,green_urban,urban_residential,compact_neighborhoods,suburban_neighborhoods,urban_forms,neighborhood_social,compact_city,city_residents,urban_sprawl
psychological_wellbeing,0.2404564917087555,,,0.09188240766525269,0.22916315495967865,0.1566196084022522,0.28393250703811646,0.2539927065372467,0.19568127393722534,0.18743892014026642,0.21224826574325562,0.24230410158634186,0.20634648203849792,0.13014937937259674,0.30115464329719543,0.2637573480606079,0.162422776222229,0.12196160852909088,0.0857156440615654,0.15626102685928345,0.10757860541343689,0.24472635984420776,0.11113683134317398,0.13467709720134735,0.18286742269992828,0.09238948673009872,0.2883710265159607,0.1906871795654297,0.12736248970031738,0.14944440126419067,0.07959411293268204,0.2389780580997467,0.11867708712816238,0.2813017666339874,,0.16019463539123535,0.21719713509082794,0.0687798261642456,0.14173156023025513,0.20393308997154236,0.10984409600496292,0.17104580998420715,0.13252376019954681,0.09143052995204926,0.16275037825107574,0.16916149854660034,0.20043735206127167,0.1210920587182045,0.1496528685092926,0.14156174659729004,0.27804434299468994,0.06495442986488342,0.29019731283187866,0.1327817142009735,0.20082733035087585,0.1026105135679245,0.10156567394733429,0.16524070501327515,0.11601072549819946,0.243302583694458,0.14305515587329865,0.13586188852787018,0.08765601366758347,0.2664370536804199,0.16460885107517242,0.19439692795276642,0.12813809514045715,0.20796822011470795,0.19378118216991425,0.1899680495262146,0.11147882789373398,0.18622863292694092,,0.08789962530136108,0.14429281651973724,0.18695460259914398,0.14620499312877655,0.06411545723676682,0.20492859184741974,0.1578182727098465,0.19240911304950714,0.1802292913198471,0.2007080316543579,0.12217260897159576,0.06467970460653305,0.17087413370609283,0.13115698099136353,0.11816471070051193,0.28919991850852966,0.14633646607398987,0.2444131076335907,0.1531495302915573,0.17485493421554565,0.21694833040237427,0.2296084612607956,0.24093851447105408,0.2012423723936081,0.2729853689670563,0.19625946879386902,0.12707668542861938,0.13959017395973206
wellbeing,0.13484352827072144,,,0.05716465786099434,,0.13736607134342194,0.28393250703811646,,,0.18743892014026642,0.11216697096824646,0.24230410158634186,0.09462270885705948,0.07677113264799118,0.10722909867763519,0.2637573480606079,0.162422776222229,0.07649124413728714,0.0857156440615654,,,0.0687105655670166,0.10924483835697174,,0.18286742269992828,,0.21709196269512177,0.1906871795654297,,,0.07959411293268204,,0.0903530940413475,0.09498884528875351,,,0.05182446166872978,,0.12317286431789398,0.20393308997154236,0.0711243525147438,0.17104580998420715,0.13252376019954681,,,0.16916149854660034,0.11891148239374161,0.07035182416439056,,0.053460732102394104,,0.05147497355937958,0.07896207273006439,0.10340328514575958,0.20082733035087585,0.1026105135679245,,0.1057170107960701,,,0.10293209552764893,,0.08765601366758347,0.2664370536804199,0.16460885107517242,0.09795719385147095,0.05942245200276375,0.20796822011470795,,0.05302554741501808,0.08967171609401703,0.1529877930879593,,,0.09570930898189545,0.18695460259914398,0.11845303326845169,0.06411545723676682,0.20492859184741974,0.1578182727098465,0.19240911304950714,,0.09223005175590515,0.12217260897159576,0.06467970460653305,,0.13115698099136353,0.06756097078323364,0.24133415520191193,0.05060230568051338,0.15679314732551575,,,,0.2296084612607956,0.05452580749988556,0.2012423723936081,0.2729853689670563,0.09974709153175354,0.05067703500390053,0.13959017395973206
health,0.08266422897577286,,,0.12028753012418747,,,0.05788641422986984,0.09584320336580276,0.06863987445831299,0.13056424260139465,0.05031174421310425,0.05902447924017906,,,0.15428976714611053,0.06512458622455597,,0.11073166131973267,,0.051409296691417694,0.11626984924077988,,0.13390614092350006,0.1416858285665512,0.16825975477695465,,0.15094693005084991,0.07934114336967468,,0.08587151020765305,,0.07649651169776917,,,0.13357605040073395,0.1551804095506668,0.06958115845918655,0.13157404959201813,0.12572595477104187,0.05166976898908615,0.05900239199399948,,0.12707993388175964,0.06096059828996658,,0.08476737886667252,0.14509698748588562,0.12160643190145493,,0.23616182804107666,0.07853733003139496,,0.11194895207881927,,,,,,0.05784022435545921,,0.10868002474308014,,0.06747207790613174,,0.11276271939277649,,0.12213025242090225,,,,0.17747469246387482,0.1095883697271347,,,0.07978785783052444,,0.11676835268735886,0.1946471929550171,,,0.06571446359157562,,0.07622165232896805,0.07881739735603333,,0.14893552660942078,,,0.14723855257034302,,,,,,0.09043203294277191,,,0.14653217792510986,,0.1011313796043396,0.0761677548289299
well,,,,,,,,,,0.11269217729568481,0.11216697096824646,0.24230410158634186,0.09462270885705948,,0.06356155872344971,,0.162422776222229,,,,,,0.10924483835697174,,0.15534162521362305,,0.12527085840702057,0.1906871795654297,,,,,,,,,0.05182446166872978,,,0.20393308997154236,,0.17104580998420715,0.13252376019954681,,,0.16916149854660034,0.11891148239374161,,,0.053460732102394104,,,0.07896207273006439,0.10340328514575958,0.07051185518503189,,,,,,,,,,0.16460885107517242,0.08185824751853943,,,,0.05302554741501808,0.08967171609401703,,,,0.09570930898189545,0.07544160634279251,,,,0.09181642532348633,0.19240911304950714,,,0.12217260897159576,,,,,0.24133415520191193,,0.12232939153909683,,,,,0.05452580749988556,0.2012423723936081,,,0.05067703500390053,0.13959017395973206
illness,0.2404564917087555,,,,0.22916315495967865,0.06627871096134186,0.09670411050319672,,0.07057087868452072,0.09460630267858505,0.1055973693728447,,,0.12492964416742325,,0.10882458090782166,,0.15596838295459747,,,,,0.11113683134317398,0.06704100966453552,0.0521247461438179,,,,0.08565951138734818,,,,0.11867708712816238,0.12420743703842163,,,,,0.05401206389069557,0.05214943736791611,0.10984409600496292,0.1520066261291504,,,0.0922808051109314,0.14679847657680511,0.11284755915403366,,0.09266266971826553,0.10152982175350189,,0.061218470335006714,,0.09788471460342407,,,0.06784582883119583,,,0.243302583694458,0.05093611776828766,,0.08785539120435715,0.06386968493461609,0.16195310652256012,,,0.08298566192388535,,0.14776869118213654,,0.18622863292694092,,,0.1292298138141632,,,,0.14559030532836914,0.06320792436599731,0.052790701389312744,,,,,,0.053142160177230835,,0.28919991850852966,0.14633646607398987,,0.19530178606510162,,0.254660040140152,,0.0963323786854744,0.1909928321838379,0.0918426513671875,0.05271834507584572,0.11474549770355225,0.10386782884597778
personal_well,0.2404564917087555,,0.2437315285205841,0.09188240766525269,0.22916315495967865,0.11202798038721085,0.09670411050319672,0.1627814620733261,0.06826631724834442,0.1258520632982254,0.11216697096824646,0.24230410158634186,0.11870987713336945,,0.3061346411705017,0.1381082683801651,0.162422776222229,0.07343617081642151,,0.2071278691291809,0.11833052337169647,0.24472635984420776,0.11113683134317398,0.10315254330635071,0.23604488372802734,0.10035640746355057,0.12527085840702057,0.1906871795654297,0.05083067715167999,0.10450603812932968,0.06709189713001251,,0.11867708712816238,0.15326499938964844,0.0787976011633873,,0.12610995769500732,0.16179411113262177,,0.20393308997154236,0.15006357431411743,0.17104580998420715,0.13252376019954681,0.11543027311563492,0.13003259897232056,0.16916149854660034,0.15974277257919312,0.11184820532798767,0.09266266971826553,0.10152982175350189,,0.061218470335006714,0.15340225398540497,0.14315243065357208,0.16454489529132843,,,0.09123439341783524,,0.243302583694458,,0.0797514095902443,0.07490134239196777,0.2361888438463211,0.16460885107517242,0.11859400570392609,0.2502915859222412,0.15128809213638306,0.1262412667274475,0.11897377669811249,0.19421018660068512,0.18622863292694092,0.07135806232690811,0.12293103337287903,0.13342377543449402,0.12119024991989136,0.1262357383966446,0.13339723646640778,0.14559030532836914,0.20741015672683716,0.19240911304950714,0.1802292913198471,0.051022008061409,0.1316957026720047,,0.11566954851150513,0.1775338351726532,0.28270357847213745,0.28919991850852966,0.14633646607398987,0.2444131076335907,0.12536242604255676,0.1629965454339981,0.17299333214759827,0.10856123268604279,0.2573626637458801,0.2012423723936081,0.07875245064496994,0.19625946879386902,0.11474549770355225,0.13959017395973206
psychological,0.2404564917087555,,,0.09188240766525269,0.22916315495967865,0.1566196084022522,0.18969246745109558,0.2539927065372467,0.09064412862062454,0.1258520632982254,0.1055973693728447,0.23526234924793243,0.20634648203849792,,0.30115464329719543,0.10882458090782166,,0.12196160852909088,,0.12386445701122284,0.10757860541343689,0.24472635984420776,0.11113683134317398,0.13467709720134735,0.06847691535949707,0.09238948673009872,0.2883710265159607,0.0641850158572197,0.054534345865249634,0.14944440126419067,0.05677264183759689,0.06332197785377502,0.11867708712816238,0.2813017666339874,,0.16019463539123535,0.12610995769500732,0.0687798261642456,0.07488356530666351,0.11721716821193695,0.10984409600496292,0.05388636514544487,,0.09143052995204926,0.13003259897232056,0.14679847657680511,0.20043735206127167,0.1210920587182045,0.09266266971826553,0.12187840789556503,,0.061218470335006714,0.15340225398540497,0.09827739000320435,0.09278768301010132,0.09643426537513733,0.10156567394733429,0.16524070501327515,0.11601072549819946,0.243302583694458,,0.13586188852787018,,0.1930132806301117,0.16195310652256012,0.19439692795276642,0.12813809514045715,0.08298566192388535,0.16371822357177734,0.06792003661394119,0.11147882789373398,0.18622863292694092,,0.08789962530136108,0.14429281651973724,,0.07305797934532166,,0.14559030532836914,0.08320518583059311,0.08750889450311661,0.1802292913198471,,0.08924750983715057,,0.17087413370609283,,0.11816471070051193,0.28919991850852966,0.14633646607398987,0.2444131076335907,0.1531495302915573,0.12636873126029968,0.21694833040237427,0.0874374583363533,0.24093851447105408,0.1909928321838379,0.19608855247497559,0.19625946879386902,0.11474549770355225,0.1383550465106964
depression,0.2404564917087555,,,0.09188240766525269,0.22916315495967865,0.11870653927326202,0.09670411050319672,0.09199937433004379,0.19347772002220154,0.14049412310123444,0.12331587821245193,0.23526234924793243,,0.11021564155817032,,0.11130418628454208,,0.08005741983652115,,0.12386445701122284,0.059812743216753006,0.24472635984420776,0.11903942376375198,0.06704100966453552,0.0521247461438179,,0.16758418083190918,0.0641850158572197,0.13077402114868164,,,,0.1278247982263565,,0.07903168350458145,,0.12610995769500732,0.09888089448213577,,0.12802232801914215,0.10984409600496292,0.23304341733455658,,,0.13003259897232056,0.14679847657680511,0.13788747787475586,,0.09266266971826553,0.10152982175350189,,0.07909535616636276,0.15340225398540497,0.12472640722990036,0.12261534482240677,0.05661207437515259,0.1332850605249405,,0.051575034856796265,0.243302583694458,0.061584845185279846,,,,0.16195310652256012,0.11463244259357452,0.12813809514045715,0.08298566192388535,0.1262412667274475,0.11907532811164856,0.061169009655714035,0.18622863292694092,,0.09397382289171219,0.1042192354798317,0.12378719449043274,0.07305797934532166,0.056433022022247314,0.16813980042934418,0.06320792436599731,0.09561901539564133,0.1802292913198471,0.06398780643939972,,,0.06679115444421768,,,0.28919991850852966,0.14633646607398987,0.2444131076335907,,,0.17299333214759827,0.05198574811220169,0.16498352587223053,0.1909928321838379,0.08644341677427292,0.19625946879386902,0.11474549770355225,0.1383550465106964
health_crisis,0.2404564917087555,0.2120637595653534,,0.12028753012418747,0.22916315495967865,0.2404790222644806,0.21364381909370422,0.09584320336580276,0.06863987445831299,0.13056424260139465,0.1387157440185547,0.07784709334373474,,,0.15428976714611053,0.10882458090782166,,0.11073166131973267,,0.051409296691417694,0.11626984924077988,0.12011932581663132,0.13390614092350006,0.1416858285665512,0.16825975477695465,,0.15094693005084991,0.07934114336967468,0.14175699651241302,0.08587151020765305,,0.08965755254030228,0.1796458214521408,0.12278858572244644,0.13357605040073395,0.3159623444080353,0.11786485463380814,0.13157404959201813,0.12572595477104187,0.05214943736791611,0.10984409600496292,0.08313107490539551,0.12707993388175964,0.06096059828996658,0.14314371347427368,0.14679847657680511,0.14509698748588562,0.12160643190145493,0.09266266971826553,0.23616182804107666,0.07853733003139496,0.2155456393957138,0.11194895207881927,0.09788471460342407,,0.2102363407611847,0.12493452429771423,0.05966506525874138,0.16522595286369324,0.243302583694458,0.22117969393730164,,0.06747207790613174,,0.16195310652256012,0.13601477444171906,0.12213025242090225,0.08298566192388535,0.27596646547317505,,0.17747469246387482,0.18622863292694092,,,0.07978785783052444,,0.11676835268735886,0.1946471929550171,0.14559030532836914,0.0660722404718399,0.09115468710660934,,0.19534654915332794,0.24474254250526428,0.1548261046409607,0.14893552660942078,,,0.28919991850852966,0.14633646607398987,,0.2497088462114334,0.12960810959339142,,0.1765642911195755,0.053079117089509964,0.1909928321838379,0.14653217792510986,0.16024430096149445,0.11474549770355225,0.10386782884597778
mental_health,0.08266422897577286,,,0.2094414234161377,,0.1553545743227005,0.17739491164684296,0.09584320336580276,0.06863987445831299,0.13056424260139465,0.05031174421310425,0.09615188837051392,0.1551784723997116,,0.15428976714611053,0.06512458622455597,0.053605273365974426,0.11087260395288467,0.1351616382598877,0.15662725269794464,0.11626984924077988,0.07052905112504959,0.13390614092350006,0.1416858285665512,0.16825975477695465,0.18831168115139008,0.15094693005084991,0.07934114336967468,,0.11419136077165604,,0.1876489669084549,0.18445102870464325,0.05391434207558632,0.13357605040073395,0.1551804095506668,0.30396768450737,0.14177706837654114,0.14537134766578674,0.14539788663387299,0.16195446252822876,,0.15135248005390167,0.06096059828996658,0.11276322603225708,0.08476737886667252,0.19064123928546906,0.12160643190145493,,0.23616182804107666,0.07853733003139496,0.06517506390810013,0.11194895207881927,0.10978107899427414,,,,,0.05784022435545921,0.1966695785522461,0.10868002474308014,0.22354044020175934,0.06747207790613174,0.19248707592487335,0.11276271939277649,0.2773968577384949,0.12213025242090225,,0.09231814742088318,,0.17747469246387482,0.1095883697271347,0.058306045830249786,0.18119694292545319,0.07978785783052444,0.06129784509539604,0.11676835268735886,0.1946471929550171,,,0.14961141347885132,,0.13266433775424957,0.07881739735603333,0.1028081476688385,0.14893552660942078,0.09599840641021729,0.12502431869506836,0.19113682210445404,0.10593774914741516,0.1377842277288437,,,0.14066782593727112,0.11255095899105072,0.09432860463857651,0.06264720857143402,0.14653217792510986,0.0885375365614891,0.1011313796043396,0.0761677548289299
mental_wellbeing,0.13484352827072144,0.2444000095129013,0.08107900619506836,0.1322990506887436,,0.20137980580329895,0.28393250703811646,0.05957445129752159,0.07872506231069565,0.18743892014026642,0.11216697096824646,0.24230410158634186,0.15644583106040955,0.08110231161117554,0.10722909867763519,0.2637573480606079,0.18034204840660095,0.11087260395288467,0.18488843739032745,0.15662725269794464,,0.1359606385231018,0.10924483835697174,,0.18286742269992828,0.18831168115139008,0.21709196269512177,0.1906871795654297,,0.11419136077165604,0.07959411293268204,,0.1220967173576355,0.09498884528875351,0.06834091991186142,0.22071197628974915,0.30396768450737,0.10937818884849548,0.12317286431789398,0.20393308997154236,0.16195446252822876,0.17104580998420715,0.13252376019954681,0.07318761199712753,0.11276322603225708,0.16916149854660034,0.11891148239374161,0.11276368796825409,,0.053460732102394104,,0.14062704145908356,0.07896207273006439,0.10978107899427414,0.20082733035087585,0.1682734489440918,0.07211975008249283,0.1057170107960701,,0.1966695785522461,0.10293209552764893,0.22354044020175934,0.10782328248023987,0.2664370536804199,0.16460885107517242,0.09795719385147095,0.12371856719255447,0.20796822011470795,0.09231814742088318,0.05302554741501808,0.08967171609401703,0.1529877930879593,0.12630052864551544,0.1360791027545929,0.09570930898189545,0.18695460259914398,0.11845303326845169,0.2963409721851349,0.20492859184741974,0.1578182727098465,0.19240911304950714,,0.13266433775424957,0.12217260897159576,0.13306790590286255,0.06607947498559952,0.13115698099136353,0.12502431869506836,0.24133415520191193,0.11440657824277878,0.15679314732551575,,0.08714635670185089,0.05351435765624046,0.2296084612607956,0.09432860463857651,0.2012423723936081,0.2729853689670563,0.09974709153175354,0.10746188461780548,0.13959017395973206
mental,0.058336857706308365,,,0.1322990506887436,,0.1553545743227005,,0.05957445129752159,,0.12750139832496643,,0.09615188837051392,,,0.07472963631153107,,0.053605273365974426,0.11087260395288467,0.1351616382598877,0.15662725269794464,,0.07052905112504959,0.06671092659235,,,0.18831168115139008,,0.05742606148123741,,0.11419136077165604,,,0.08318998664617538,0.05391434207558632,,,0.30396768450737,,0.07741448283195496,,0.16195446252822876,,,,0.11276322603225708,,,0.05212954059243202,,,,0.06517506390810013,,0.10978107899427414,,,,,,0.1966695785522461,0.05763038620352745,0.22354044020175934,,0.19248707592487335,,0.07933466136455536,0.09111454337835312,,0.09231814742088318,,,0.06918833404779434,0.058306045830249786,0.1360791027545929,,0.06129784509539604,0.09638310968875885,,,,0.14961141347885132,,0.13266433775424957,,0.1028081476688385,0.06607947498559952,0.09599840641021729,0.12502431869506836,,0.10593774914741516,0.07451239228248596,,,0.05351435765624046,0.09763459861278534,0.09432860463857651,0.06264720857143402,0.06956760585308075,0.0885375365614891,,
impact_mental,0.13813254237174988,0.07769380509853363,0.14022967219352722,0.1322990506887436,0.05888272449374199,0.1553545743227005,0.12231108546257019,0.05957445129752159,0.10593828558921814,0.12750139832496643,0.07267151772975922,0.23526234924793243,0.1785794198513031,0.05428355932235718,0.07472963631153107,0.09604960680007935,0.10431938618421555,0.11981010437011719,0.14696326851844788,0.15662725269794464,0.11534128338098526,0.24472635984420776,0.06671092659235,0.1589066982269287,0.12180579453706741,0.18831168115139008,0.14856968820095062,0.0641850158572197,0.17821693420410156,0.11419136077165604,0.09928218275308609,,0.15614348649978638,0.16403785347938538,,,0.30396768450737,0.055723998695611954,0.15517711639404297,0.106778584420681,0.16195446252822876,0.05388636514544487,,,0.13003259897232056,0.08267119526863098,,0.12096800655126572,0.21249213814735413,0.10340724140405655,,0.06517506390810013,0.20891286432743073,0.1899663656949997,0.09278768301010132,0.06676606088876724,0.11859508603811264,0.06136060133576393,0.12155675143003464,0.2533433139324188,0.05763038620352745,0.22354044020175934,,0.19248707592487335,0.20635780692100525,0.2773193418979645,0.12813809514045715,0.2167399823665619,0.1919417679309845,,,0.14241093397140503,0.058306045830249786,0.1360791027545929,,0.06129784509539604,0.20496852695941925,0.0854116678237915,,0.20994973182678223,0.14961141347885132,0.1802292913198471,0.19412904977798462,0.16238431632518768,0.11275959759950638,0.06607947498559952,0.09599840641021729,0.1835123896598816,,0.10593774914741516,0.2444131076335907,,0.1565609723329544,0.17299333214759827,0.09763459861278534,0.11681269854307175,0.10704772174358368,0.11482270807027817,0.19625946879386902,0.08885838836431503,0.26555511355400085
mental_illness,0.2404564917087555,,0.08135699480772018,0.1322990506887436,0.22916315495967865,0.1553545743227005,0.09670411050319672,0.05957445129752159,0.07057087868452072,0.12750139832496643,0.1055973693728447,0.15148255228996277,0.08541345596313477,0.12492964416742325,0.12909777462482452,0.10882458090782166,0.15856143832206726,0.15596838295459747,0.1351616382598877,0.15662725269794464,,0.07052905112504959,0.11113683134317398,0.14812231063842773,0.0521247461438179,0.18831168115139008,,0.1564563512802124,0.08565951138734818,0.1681647151708603,,,0.11867708712816238,0.12420743703842163,0.0918499082326889,,0.30396768450737,,0.07741448283195496,0.05214943736791611,0.16195446252822876,0.1520066261291504,,,0.11276322603225708,0.14679847657680511,0.11284755915403366,0.11576740443706512,0.1543872207403183,0.12094741314649582,,0.06517506390810013,,0.10978107899427414,0.26667073369026184,,0.06784582883119583,,,0.243302583694458,0.05763038620352745,0.22354044020175934,0.08785539120435715,0.19248707592487335,0.16195310652256012,0.07933466136455536,0.16480305790901184,0.08298566192388535,0.09231814742088318,0.14776869118213654,,0.18622863292694092,0.058306045830249786,0.1360791027545929,0.1292298138141632,0.06129784509539604,0.09638310968875885,,0.14559030532836914,0.06320792436599731,0.14961141347885132,,0.13266433775424957,,0.1028081476688385,0.06607947498559952,0.14783556759357452,0.12502431869506836,0.28919991850852966,0.14633646607398987,0.07451239228248596,0.19530178606510162,,0.254660040140152,0.09763459861278534,0.13581319153308868,0.1909928321838379,0.0918426513671875,0.0885375365614891,0.1302795559167862,0.10386782884597778
poor_mental,0.10871340334415436,,0.07135980576276779,0.1322990506887436,0.13951577246189117,0.1553545743227005,,0.05957445129752159,0.09490207582712173,0.12750139832496643,0.13354149460792542,0.23526234924793243,,0.11858640611171722,0.18645617365837097,0.09604960680007935,0.053605273365974426,0.25836181640625,0.1351616382598877,0.15662725269794464,0.059812743216753006,0.24472635984420776,0.06671092659235,0.07924358546733856,0.14840400218963623,0.18831168115139008,0.10942237824201584,0.0641850158572197,0.1657097190618515,0.11419136077165604,0.058580100536346436,0.1108277216553688,0.10959573090076447,0.05391434207558632,0.16039279103279114,,0.30396768450737,0.06048000231385231,0.07741448283195496,,0.16195446252822876,0.14911939203739166,0.16975973546504974,,0.13003259897232056,0.1400948166847229,0.1057540774345398,0.27318480610847473,,0.08888828754425049,0.16276437044143677,0.06517506390810013,0.15340225398540497,0.10978107899427414,0.09278768301010132,,0.08287090063095093,0.08101562410593033,0.21982929110527039,0.1966695785522461,0.05763038620352745,0.22354044020175934,,0.19248707592487335,0.1396748274564743,0.11463244259357452,0.12813809514045715,0.052191928029060364,0.15801368653774261,,0.2261362373828888,0.06918833404779434,0.20268599689006805,0.18968559801578522,,0.06129784509539604,0.09638310968875885,,0.07460372895002365,,0.14961141347885132,0.24088461697101593,0.13266433775424957,0.17484860122203827,0.1028081476688385,0.07860487699508667,0.14672726392745972,0.12502431869506836,0.21017977595329285,0.10593774914741516,0.2444131076335907,0.21885570883750916,,0.17299333214759827,0.09763459861278534,0.09432860463857651,0.06264720857143402,0.09118711203336716,0.19625946879386902,0.18082363903522491,0.14135010540485382
feel_healthy,0.08266422897577286,,,0.12028753012418747,0.07147839665412903,,0.20597334206104279,0.09584320336580276,0.10157477110624313,0.13056424260139465,0.05031174421310425,0.09573381394147873,,0.14143511652946472,0.15428976714611053,0.06512458622455597,0.17362771928310394,0.21240456402301788,,0.051409296691417694,0.24017566442489624,0.14297132194042206,0.1467769593000412,0.1416858285665512,0.16825975477695465,0.1292428821325302,0.15094693005084991,0.08828315883874893,,0.08587151020765305,0.11810748279094696,0.07649651169776917,,0.05958886817097664,0.1848757266998291,0.1551804095506668,0.06958115845918655,0.13157404959201813,0.12572595477104187,0.055736131966114044,0.13612768054008484,0.1391473412513733,0.12707993388175964,0.1940004825592041,,0.19041450321674347,0.14509698748588562,0.22050981223583221,,0.23616182804107666,0.12807480990886688,0.0878637284040451,0.11194895207881927,,0.1415727138519287,,0.05790628120303154,0.14861516654491425,0.05784022435545921,,0.1323671191930771,0.13563229143619537,0.06747207790613174,0.16625219583511353,0.11276271939277649,0.15867269039154053,0.12213025242090225,,0.16422508656978607,0.06421320140361786,0.17747469246387482,0.1125134751200676,0.13879936933517456,0.1351642906665802,0.11359278112649918,0.11739736050367355,0.13843999803066254,0.1946471929550171,0.27003049850463867,0.07595338672399521,0.12968243658542633,,0.07622165232896805,0.15836618840694427,0.10239274799823761,0.14893552660942078,0.12804843485355377,0.09165695309638977,0.14723855257034302,0.07000533491373062,0.07011448591947556,0.16185405850410461,,,0.09043203294277191,0.21193882822990417,,0.18389536440372467,,0.22651199996471405,0.0761677548289299
healthy,0.08266422897577286,,,0.12028753012418747,,,0.07837139815092087,0.09584320336580276,0.06863987445831299,0.13056424260139465,0.05031174421310425,0.05902447924017906,,0.14143511652946472,0.15428976714611053,0.06512458622455597,,0.11073166131973267,,0.051409296691417694,0.11626984924077988,0.14297132194042206,0.13390614092350006,0.1416858285665512,0.16825975477695465,,0.15094693005084991,0.07934114336967468,,0.08587151020765305,0.07279499620199203,0.07649651169776917,,,0.1848757266998291,0.1551804095506668,0.06958115845918655,0.13157404959201813,0.12572595477104187,0.05166976898908615,0.05900239199399948,,0.12707993388175964,0.14990641176700592,,0.19041450321674347,0.14509698748588562,0.22050981223583221,,0.23616182804107666,0.12807480990886688,0.0878637284040451,0.11194895207881927,,0.1415727138519287,,,0.14861516654491425,0.05784022435545921,,0.10868002474308014,0.1171298548579216,0.06747207790613174,,0.11276271939277649,0.08561857789754868,0.12213025242090225,,,0.06421320140361786,0.17747469246387482,0.1095883697271347,,0.1351642906665802,0.07978785783052444,0.11739736050367355,0.13843999803066254,0.1946471929550171,,0.07595338672399521,0.08321689069271088,,0.07622165232896805,0.15836618840694427,,0.14893552660942078,,,0.14723855257034302,,,,,,0.09043203294277191,0.21193882822990417,,0.14653217792510986,,0.22651199996471405,0.0761677548289299
mood,,,,0.08087442815303802,,,0.06888521462678909,,0.06353721767663956,,,0.07321884483098984,,0.13276034593582153,,,,,,0.1273016482591629,,,0.20490401983261108,,,0.10105515271425247,0.08141933381557465,,0.06066856160759926,,,0.1464790552854538,,,0.07401006668806076,0.05825991556048393,0.06767386943101883,,,,,,0.14018456637859344,0.11465688794851303,,,,0.08309154957532883,,,0.10120737552642822,0.1511436551809311,0.0521937757730484,,0.13073758780956268,,,,0.07578711211681366,,,0.13749557733535767,,,0.05718938261270523,0.08655788004398346,0.14835652709007263,0.09296783059835434,,0.07801471650600433,,,,,0.1546163111925125,,0.12492848187685013,,,,,,,,0.08615225553512573,,,,,,,,,0.19417567551136017,,0.08016882091760635,,0.10415925830602646,,0.09117550402879715,0.06696221977472305
mood_disturbance,0.2404564917087555,0.08461236208677292,,0.08087442815303802,0.22916315495967865,0.18634936213493347,0.09670411050319672,0.1507287472486496,0.21820589900016785,0.09460630267858505,0.18504028022289276,0.07321884483098984,0.10640513151884079,0.13276034593582153,0.10244259238243103,0.10882458090782166,0.0985717847943306,0.1312747746706009,0.12704156339168549,0.1273016482591629,0.10066518187522888,0.05809701234102249,0.23521040380001068,0.10779959708452225,0.23901355266571045,0.10105515271425247,0.08141933381557465,0.19766387343406677,0.1060316413640976,,0.11392828822135925,0.1464790552854538,0.11867708712816238,,0.07401006668806076,0.05825991556048393,0.06767386943101883,0.052366312593221664,0.1224384754896164,0.06020386889576912,0.10984409600496292,0.1115570142865181,0.14018456637859344,0.11465688794851303,0.09640113264322281,0.14679847657680511,0.11284755915403366,0.08309154957532883,0.09266266971826553,0.17746037244796753,0.10120737552642822,0.1511436551809311,0.1155565083026886,0.1463319957256317,0.13073758780956268,0.11809197813272476,,0.13588778674602509,0.07578711211681366,0.243302583694458,0.09137091040611267,0.1730838119983673,0.107667475938797,0.12049175053834915,0.1956084966659546,0.09743478894233704,0.14835652709007263,0.09296783059835434,0.10934190452098846,0.14238472282886505,,0.1910405308008194,0.06620939821004868,,0.16152453422546387,0.36094972491264343,0.12492848187685013,,0.14559030532836914,0.10891558229923248,,0.1996714174747467,0.07941760867834091,0.12746661901474,0.14603610336780548,,0.07300111651420593,,0.28919991850852966,0.15139652788639069,0.07304242998361588,,0.08280622959136963,0.19417567551136017,0.103359155356884,0.08016882091760635,0.20390070974826813,0.15736053884029388,,0.11474549770355225,0.10386782884597778
subjective_well,0.2404564917087555,0.19160647690296173,0.07533732056617737,,0.22916315495967865,0.18634936213493347,0.09670411050319672,0.1507287472486496,0.2176579087972641,0.11269217729568481,0.18504028022289276,0.24230410158634186,0.14210790395736694,,0.06356155872344971,0.10882458090782166,0.162422776222229,0.266565203666687,0.16530703008174896,0.1876002848148346,,0.06494297832250595,0.1966128647327423,0.21383243799209595,0.23901355266571045,0.0896434485912323,0.12527085840702057,0.1906871795654297,0.1277485191822052,0.1192396804690361,0.059643011540174484,0.06830138713121414,0.11867708712816238,0.05092253535985947,0.10172645002603531,0.05155082419514656,0.1493527740240097,0.07286426424980164,0.22120201587677002,0.20393308997154236,0.12829315662384033,0.17104580998420715,0.13252376019954681,0.08767254650592804,0.09640113264322281,0.25913459062576294,0.11891148239374161,0.06559674441814423,0.09266266971826553,0.10152982175350189,0.10136383026838303,0.0682874247431755,0.10430888086557388,0.10340328514575958,0.1702219396829605,0.13256070017814636,,0.13588778674602509,0.08233557641506195,0.243302583694458,0.13505497574806213,0.1311679184436798,0.11278226226568222,0.12049175053834915,0.18388119339942932,0.10599204152822495,0.12186478078365326,0.1608773022890091,0.12040460109710693,0.05302554741501808,0.14751189947128296,0.1910405308008194,0.16688792407512665,0.14046484231948853,0.16152453422546387,0.11440285295248032,0.18766163289546967,0.14173392951488495,0.14559030532836914,0.16411247849464417,0.19240911304950714,0.0852893739938736,0.09599003195762634,0.18810541927814484,0.14603610336780548,0.10411150753498077,0.2639295160770416,,0.28919991850852966,0.14633646607398987,0.12232939153909683,0.12939174473285675,0.2191552072763443,,0.103359155356884,0.05452580749988556,0.20390070974826813,0.1520681232213974,,0.1913263201713562,0.13959017395973206
psychological_restoration,0.2404564917087555,0.06350773572921753,0.1770327240228653,0.1864069402217865,0.22916315495967865,0.1566196084022522,0.21033479273319244,0.2539927065372467,0.09064412862062454,0.1258520632982254,0.2916545867919922,0.23526234924793243,0.20634648203849792,0.19057318568229675,0.30115464329719543,0.10882458090782166,0.0854525938630104,0.18574783205986023,0.10360699146986008,0.14942197501659393,0.10757860541343689,0.24472635984420776,0.11113683134317398,0.13467709720134735,0.13335461914539337,0.09238948673009872,0.2883710265159607,0.1931012123823166,0.10183195024728775,0.14944440126419067,0.15920178592205048,0.19249601662158966,0.1485590785741806,0.2813017666339874,0.15913571417331696,0.16019463539123535,0.12610995769500732,0.0687798261642456,0.07488356530666351,0.11721716821193695,0.10984409600496292,0.14628414809703827,0.06766646355390549,0.14876751601696014,0.13003259897232056,0.14679847657680511,0.20043735206127167,0.1210920587182045,0.12579819560050964,0.12347636371850967,0.13659745454788208,0.09001906216144562,0.15340225398540497,0.1118423268198967,0.22290590405464172,0.12529566884040833,0.10156567394733429,0.16524070501327515,0.11601072549819946,0.243302583694458,0.17418323457241058,0.13586188852787018,0.11261353641748428,0.1930132806301117,0.16195310652256012,0.19439692795276642,0.12813809514045715,0.08298566192388535,0.24155062437057495,0.1367199867963791,0.1512347161769867,0.18622863292694092,0.07839477807283401,0.11834054440259933,0.14429281651973724,0.17406122386455536,0.07305797934532166,0.11095070093870163,0.17162784934043884,0.11863606423139572,0.10659541934728622,0.1802292913198471,0.11871559917926788,0.12553274631500244,,0.17087413370609283,0.16951490938663483,0.11816471070051193,0.28919991850852966,0.14633646607398987,0.2444131076335907,0.17346759140491486,0.12636873126029968,0.21694833040237427,0.10805843025445938,0.24093851447105408,0.1909928321838379,0.19608855247497559,0.19625946879386902,0.11474549770355225,0.1383550465106964
mental_well,0.058336857706308365,0.10295985639095306,0.06700509786605835,0.1322990506887436,,0.1553545743227005,,0.05957445129752159,,0.12750139832496643,0.11216697096824646,0.24230410158634186,0.15644583106040955,,0.07472963631153107,,0.18034204840660095,0.11087260395288467,0.1351616382598877,0.15662725269794464,,0.1359606385231018,0.10924483835697174,,0.181679829955101,0.18831168115139008,0.12527085840702057,0.1906871795654297,,0.11419136077165604,,,0.1220967173576355,0.05391434207558632,0.06834091991186142,,0.30396768450737,0.0635192021727562,0.07741448283195496,0.20393308997154236,0.16195446252822876,0.17104580998420715,0.13252376019954681,0.07318761199712753,0.11276322603225708,0.16916149854660034,0.11891148239374161,0.11276368796825409,,0.053460732102394104,,0.14062704145908356,0.07896207273006439,0.10978107899427414,0.07051185518503189,0.1682734489440918,0.06621017307043076,0.06596473604440689,,0.1966695785522461,0.05874473974108696,0.22354044020175934,,0.19248707592487335,0.16460885107517242,0.08185824751853943,0.12371856719255447,0.0933723896741867,0.09231814742088318,0.05302554741501808,0.08967171609401703,0.06918833404779434,0.058306045830249786,0.1360791027545929,0.09570930898189545,0.07544160634279251,0.09638310968875885,0.2963409721851349,,0.09181642532348633,0.19240911304950714,,0.13266433775424957,0.12217260897159576,0.13306790590286255,0.06607947498559952,0.09599840641021729,0.12502431869506836,0.24133415520191193,0.10593774914741516,0.12232939153909683,,0.08714635670185089,0.05351435765624046,0.09763459861278534,0.09432860463857651,0.2012423723936081,0.06956760585308075,0.0885375365614891,0.05067703500390053,0.13959017395973206
human_health,0.08266422897577286,0.08461236208677292,0.22369743883609772,0.12028753012418747,0.13510091602802277,0.18634936213493347,0.05788641422986984,0.1507287472486496,0.06863987445831299,0.1891249567270279,0.18504028022289276,0.05902447924017906,0.10640513151884079,0.1129913181066513,0.15428976714611053,0.06512458622455597,0.05959855392575264,0.1312747746706009,0.12704156339168549,0.051409296691417694,0.11626984924077988,0.15435902774333954,0.13390614092350006,0.22376751899719238,0.28208601474761963,,0.15094693005084991,0.14362764358520508,0.1060316413640976,0.21610718965530396,,0.07649651169776917,,0.07207117229700089,0.13357605040073395,0.1551804095506668,0.08000078052282333,0.13157404959201813,0.12572595477104187,0.12184329330921173,0.05900239199399948,0.1115570142865181,0.12707993388175964,0.06096059828996658,0.09640113264322281,0.15855693817138672,0.14509698748588562,0.12160643190145493,0.08245281130075455,0.23616182804107666,0.07853733003139496,,0.1693824976682663,0.0972675010561943,0.05408891662955284,0.11809197813272476,0.160628080368042,0.13588778674602509,0.05784022435545921,0.08902911096811295,0.10868002474308014,0.13355953991413116,0.06747207790613174,0.16335314512252808,0.19305738806724548,0.08836129307746887,0.12213025242090225,0.06470563262701035,0.10934190452098846,0.05236950144171715,0.17747469246387482,0.1910405308008194,0.09688565135002136,0.07859524339437485,0.16152453422546387,0.11440285295248032,0.12737488746643066,0.1946471929550171,,,0.07036364823579788,0.12745942175388336,0.07941760867834091,0.07881739735603333,0.14603610336780548,0.14893552660942078,0.08423178642988205,0.09711651504039764,0.14723855257034302,,0.11854202300310135,0.12657380104064941,0.18248049914836884,0.075362928211689,0.103359155356884,,0.20390070974826813,0.1520681232213974,,0.12599509954452515,0.32180169224739075
health_promoting,0.12136165052652359,,0.1796526163816452,0.12028753012418747,0.2018013894557953,0.11870653927326202,0.06573904305696487,0.1441524475812912,0.19347772002220154,0.18743892014026642,0.1383630931377411,0.23526234924793243,0.1547556221485138,0.15478341281414032,0.15428976714611053,0.1470377892255783,0.11786625534296036,0.14946189522743225,0.12388624250888824,0.12386445701122284,0.15635788440704346,0.24472635984420776,0.13390614092350006,0.19094662368297577,0.18286742269992828,,0.21709196269512177,0.07934114336967468,,0.08587151020765305,0.2006397545337677,0.16687841713428497,0.10319468379020691,0.1822335124015808,0.13357605040073395,0.1551804095506668,0.1869320422410965,0.13157404959201813,0.12572595477104187,0.08068406581878662,0.0711243525147438,0.13913287222385406,0.12707993388175964,0.06096059828996658,0.13003259897232056,0.24046088755130768,0.20260673761367798,0.12160643190145493,0.08934963494539261,0.23616182804107666,0.07853733003139496,0.07909535616636276,0.15340225398540497,0.12472640722990036,0.12261534482240677,0.1026105135679245,0.1332850605249405,0.1057170107960701,0.05784022435545921,0.18485113978385925,0.10868002474308014,0.10922464728355408,0.08765601366758347,0.2664370536804199,0.11276271939277649,0.11463244259357452,0.12813809514045715,0.13176329433918,0.13411660492420197,0.11907532811164856,0.17747469246387482,0.17966479063034058,0.2902386486530304,0.10976880043745041,0.18991845846176147,0.2173820286989212,0.11676835268735886,0.1946471929550171,0.16813980042934418,0.08810915797948837,0.09561901539564133,0.1802292913198471,0.09223005175590515,0.09711728245019913,,0.14893552660942078,0.16987082362174988,0.10249966382980347,0.1796814352273941,0.12899631261825562,0.2444131076335907,0.057251010090112686,0.2446322739124298,0.17299333214759827,0.2296084612607956,0.16498352587223053,0.08407162874937057,0.14653217792510986,0.19625946879386902,0.1704896241426468,0.17111694812774658
geriatric_depression,0.2404564917087555,,,0.09188240766525269,0.22916315495967865,0.11870653927326202,0.09670411050319672,0.09199937433004379,0.19347772002220154,0.14049412310123444,0.12331587821245193,0.23526234924793243,,0.16862161457538605,,0.11130418628454208,,0.08005741983652115,0.12004662305116653,0.12386445701122284,0.059812743216753006,0.24472635984420776,0.11903942376375198,0.06704100966453552,0.0521247461438179,,0.16758418083190918,0.0641850158572197,0.13077402114868164,,,,0.1278247982263565,,0.07903168350458145,,0.12610995769500732,0.15358509123325348,0.11738396435976028,0.12802232801914215,0.10984409600496292,0.23304341733455658,,0.1372736692428589,0.13003259897232056,0.14679847657680511,0.13788747787475586,0.06918446719646454,0.09266266971826553,0.10152982175350189,,0.07909535616636276,0.15340225398540497,0.12472640722990036,0.12261534482240677,0.05661207437515259,0.1332850605249405,,0.051575034856796265,0.243302583694458,0.17040543258190155,,,0.05857772380113602,0.16195310652256012,0.11973453313112259,0.12813809514045715,0.08298566192388535,0.1262412667274475,0.11907532811164856,0.061169009655714035,0.18622863292694092,,0.09397382289171219,0.1042192354798317,0.12378719449043274,0.13934782147407532,0.10572141408920288,0.16813980042934418,0.06320792436599731,0.09561901539564133,0.1802292913198471,0.1286603808403015,,0.0951286107301712,0.06679115444421768,,0.1550334393978119,0.28919991850852966,0.14633646607398987,0.2444131076335907,0.15239344537258148,0.05574239417910576,0.17299333214759827,0.12772536277770996,0.16498352587223053,0.1909928321838379,0.08644341677427292,0.19625946879386902,0.11474549770355225,0.1383550465106964
psychophysiological_wellbeing,0.2404564917087555,,,0.2712884843349457,0.22916315495967865,0.1566196084022522,0.28393250703811646,0.2539927065372467,0.12489946186542511,0.18743892014026642,0.11216697096824646,0.24230410158634186,0.20634648203849792,0.07677113264799118,0.30115464329719543,0.2637573480606079,0.162422776222229,0.12196160852909088,0.0857156440615654,0.12386445701122284,0.12324969470500946,0.24472635984420776,0.27215704321861267,0.13467709720134735,0.18286742269992828,0.09238948673009872,0.2883710265159607,0.2176266759634018,0.15789246559143066,0.14944440126419067,0.08241356164216995,0.16330976784229279,0.11867708712816238,0.16588087379932404,,0.16019463539123535,0.12610995769500732,,0.12642133235931396,0.20393308997154236,0.10984409600496292,0.17104580998420715,0.1355789601802826,0.09143052995204926,0.1430874764919281,0.16916149854660034,0.20043735206127167,0.15033738315105438,0.09266266971826553,0.10152982175350189,,0.061218470335006714,0.17122791707515717,0.18785139918327332,0.20082733035087585,0.1026105135679245,0.12117169797420502,0.16524070501327515,0.11754214018583298,0.243302583694458,0.10293209552764893,0.13586188852787018,0.08765601366758347,0.2664370536804199,0.16460885107517242,0.19439692795276642,0.19834871590137482,0.20796822011470795,0.16371822357177734,0.06792003661394119,0.11147882789373398,0.18622863292694092,0.14802910387516022,0.10062873363494873,0.14429281651973724,0.18695460259914398,0.1304703801870346,0.06411545723676682,0.20492859184741974,0.1578182727098465,0.19240911304950714,0.1802292913198471,0.09223005175590515,0.12217260897159576,0.06467970460653305,0.17087413370609283,0.13115698099136353,0.28327786922454834,0.28919991850852966,0.14633646607398987,0.2444131076335907,0.1531495302915573,0.2557535767555237,0.17299333214759827,0.38388878107070923,0.24093851447105408,0.2012423723936081,0.2729853689670563,0.19625946879386902,0.11474549770355225,0.13959017395973206
health_promotion,0.12136165052652359,,0.1345050185918808,0.12028753012418747,0.09252069890499115,0.11870653927326202,0.05788641422986984,0.10036231577396393,0.19347772002220154,0.13056424260139465,0.1383630931377411,0.23526234924793243,0.1547556221485138,0.12615379691123962,0.15428976714611053,0.1470377892255783,0.17785415053367615,0.11073166131973267,0.1862107366323471,0.14263589680194855,0.15635788440704346,0.24472635984420776,0.13390614092350006,0.1416858285665512,0.16825975477695465,,0.16758418083190918,0.14647120237350464,0.10269847512245178,0.08791046589612961,0.08540893346071243,0.09058813005685806,0.10319468379020691,0.16317446529865265,0.13357605040073395,0.1551804095506668,0.1869320422410965,0.13157404959201813,0.12572595477104187,0.08068406581878662,0.13979963958263397,0.05388636514544487,0.12707993388175964,0.09509329497814178,0.13003259897232056,0.08476737886667252,0.20260673761367798,0.12160643190145493,,0.23616182804107666,0.1457432508468628,0.1014031395316124,0.15340225398540497,0.12472640722990036,0.12261534482240677,0.260932594537735,0.1332850605249405,,0.13090282678604126,0.18485113978385925,0.10868002474308014,0.14365559816360474,0.06747207790613174,0.15924227237701416,0.11276271939277649,0.11463244259357452,0.12813809514045715,0.10294487327337265,0.1262412667274475,0.122083380818367,0.17747469246387482,0.14347918331623077,0.2902386486530304,0.10549377650022507,0.2386220246553421,0.12378719449043274,0.11676835268735886,0.1946471929550171,0.16813980042934418,0.15939132869243622,0.09561901539564133,0.31548744440078735,0.07622165232896805,0.09711728245019913,,0.14893552660942078,0.11466159671545029,0.24050255119800568,0.1796814352273941,0.12899631261825562,0.2444131076335907,0.057251010090112686,0.11699464172124863,0.17299333214759827,0.09364982694387436,0.16498352587223053,0.08796074986457825,0.14653217792510986,0.19625946879386902,0.1704896241426468,0.17111694812774658
social_health,0.2404564917087555,,,0.12028753012418747,0.22916315495967865,0.070645272731781,0.09670411050319672,0.19698716700077057,0.17263580858707428,0.13056424260139465,0.1055973693728447,0.05902447924017906,0.08598604798316956,,0.15428976714611053,0.10882458090782166,0.13686814904212952,0.11073166131973267,0.09564649313688278,0.056596789509058,0.11626984924077988,0.12055812031030655,0.13390614092350006,0.1416858285665512,0.16825975477695465,,0.2199266254901886,0.07934114336967468,0.0797668993473053,0.08587151020765305,,0.07649651169776917,0.11867708712816238,0.12657172977924347,0.13357605040073395,0.1551804095506668,0.12176322191953659,0.13157404959201813,0.12572595477104187,0.13707321882247925,0.10984409600496292,,0.12707993388175964,0.17286793887615204,0.169331356883049,0.14679847657680511,0.14509698748588562,0.12160643190145493,0.236557275056839,0.23616182804107666,0.07853733003139496,0.061218470335006714,0.2374533861875534,0.1168956309556961,0.10748279839754105,0.07623529434204102,0.16277764737606049,0.0912175253033638,0.05784022435545921,0.243302583694458,0.10868002474308014,,0.06747207790613174,,0.35265257954597473,,0.12213025242090225,0.08298566192388535,0.2859322130680084,0.13451197743415833,0.17747469246387482,0.18622863292694092,,,0.07978785783052444,,0.11676835268735886,0.1946471929550171,0.14559030532836914,0.11083798110485077,0.14791150391101837,,0.08898776769638062,0.07881739735603333,,0.14893552660942078,,,0.28919991850852966,0.14633646607398987,0.11813150346279144,0.051453154534101486,0.09210584312677383,0.12875959277153015,0.09043203294277191,,0.1909928321838379,0.14653217792510986,,0.11474549770355225,0.10386782884597778
emotional_well,0.10691756755113602,0.12828797101974487,0.2617901861667633,0.07683542370796204,0.08715000748634338,0.0798892006278038,,0.16657890379428864,0.09474077820777893,0.218527689576149,0.11382856965065002,0.24230410158634186,0.14400027692317963,0.17578570544719696,0.17988623678684235,0.10178370773792267,0.162422776222229,,,0.10955451428890228,0.0855775997042656,,0.10924483835697174,0.06796160340309143,0.15534162521362305,,0.1581340730190277,0.21970903873443604,0.07400207221508026,0.1840737909078598,,,0.10879186540842056,,,,0.09894277155399323,0.2486467808485031,0.1003195270895958,0.20393308997154236,0.09356586635112762,0.17104580998420715,0.13252376019954681,,0.25622257590293884,0.16916149854660034,0.11891148239374161,0.15999047458171844,0.0960724949836731,0.053460732102394104,0.08535782992839813,0.09096977114677429,0.07896207273006439,0.2031865268945694,0.10558167845010757,0.17793744802474976,0.1074909120798111,0.06378316134214401,0.1069602444767952,0.1458233892917633,0.16239304840564728,,0.15027131140232086,0.10660099238157272,0.17255067825317383,0.08185824751853943,0.10868336260318756,0.18472032248973846,0.05035226419568062,0.05587988719344139,0.08967171609401703,0.10932475328445435,0.05392313748598099,0.15594089031219482,0.17147323489189148,0.07544160634279251,,,,0.09181642532348633,0.19240911304950714,0.10849945992231369,0.13860782980918884,0.12217260897159576,,0.0552411712706089,,0.12044701725244522,0.24133415520191193,,0.12232939153909683,0.08799199759960175,0.09244174510240555,0.23513412475585938,0.23068834841251373,0.05452580749988556,0.2012423723936081,0.1155528649687767,0.06218709424138069,0.059968918561935425,0.13959017395973206
subjective_wellbeing,0.2404564917087555,0.19160647690296173,0.07533732056617737,0.09747099131345749,0.22916315495967865,0.18634936213493347,0.28393250703811646,0.1507287472486496,0.2176579087972641,0.18743892014026642,0.18504028022289276,0.24230410158634186,0.14210790395736694,0.07677113264799118,0.10722909867763519,0.2637573480606079,0.162422776222229,0.266565203666687,0.16530703008174896,0.1876002848148346,,0.0927150771021843,0.1966128647327423,0.21383243799209595,0.23901355266571045,0.0896434485912323,0.21709196269512177,0.1906871795654297,0.1277485191822052,0.17697648704051971,0.07959411293268204,0.06830138713121414,0.11867708712816238,0.09498884528875351,0.10172645002603531,0.05155082419514656,0.1493527740240097,0.07286426424980164,0.22120201587677002,0.20393308997154236,0.12829315662384033,0.17104580998420715,0.13252376019954681,0.08767254650592804,0.15860070288181305,0.25913459062576294,0.11891148239374161,0.07035182416439056,0.09266266971826553,0.10152982175350189,0.10136383026838303,0.0682874247431755,0.10430888086557388,0.10340328514575958,0.20082733035087585,0.13256070017814636,,0.13588778674602509,0.08233557641506195,0.243302583694458,0.13505497574806213,0.1311679184436798,0.13686122000217438,0.2664370536804199,0.18388119339942932,0.10599204152822495,0.12186478078365326,0.20796822011470795,0.12040460109710693,0.05302554741501808,0.14751189947128296,0.1910405308008194,0.16688792407512665,0.14409957826137543,0.16152453422546387,0.18695460259914398,0.18766163289546967,0.14173392951488495,0.20492859184741974,0.16411247849464417,0.19240911304950714,0.0852893739938736,0.09599003195762634,0.18810541927814484,0.14603610336780548,0.10635019838809967,0.2639295160770416,0.06756097078323364,0.28919991850852966,0.14812009036540985,0.15679314732551575,0.12939174473285675,0.2191552072763443,,0.2296084612607956,0.05452580749988556,0.20390070974826813,0.2729853689670563,0.09974709153175354,0.1913263201713562,0.13959017395973206
residents_mental,0.2404564917087555,0.09188611805438995,,0.20201559364795685,0.22916315495967865,0.1553545743227005,0.1073945015668869,0.0866004079580307,,0.15442636609077454,0.1055973693728447,0.2560789883136749,0.22821490466594696,,0.07472963631153107,0.10882458090782166,0.15878233313560486,0.14560642838478088,0.1351616382598877,0.15662725269794464,0.07951890677213669,0.10279719531536102,0.24705521762371063,0.2038196325302124,0.05621954798698425,0.18831168115139008,0.09948469698429108,0.1684328019618988,0.18990343809127808,0.11419136077165604,0.14078043401241302,,0.12388588488101959,0.10215911269187927,,0.12736672163009644,0.30396768450737,0.14930769801139832,0.1312958300113678,0.06095750629901886,0.22776569426059723,0.06892005354166031,0.21457690000534058,0.16741104423999786,0.17286694049835205,0.14679847657680511,0.11284755915403366,0.05212954059243202,0.09266266971826553,0.2139982432126999,,0.06836945563554764,0.09823120385408401,0.10978107899427414,0.08368125557899475,0.11643616110086441,0.13415399193763733,0.07139827311038971,0.16403323411941528,0.243302583694458,0.1615728884935379,0.22354044020175934,,0.19248707592487335,0.16195310652256012,0.1483694463968277,0.10486641526222229,0.184164896607399,0.1328149288892746,,,0.18622863292694092,0.07538993656635284,0.1360791027545929,0.08949930220842361,0.06129784509539604,0.09638310968875885,0.14824634790420532,0.14559030532836914,0.10334394872188568,0.14961141347885132,,0.16124866902828217,0.17464551329612732,0.15178728103637695,0.07023052871227264,0.09599840641021729,0.12502431869506836,0.28919991850852966,0.14633646607398987,0.18173275887966156,,0.10410884022712708,0.05351435765624046,0.15737958252429962,0.1163451224565506,0.1909928321838379,0.14508667588233948,0.26043447852134705,0.11474549770355225,0.13157019019126892
mental_functioning,0.09903670102357864,0.08461236208677292,0.16268987953662872,0.26047682762145996,,0.18634936213493347,0.06573904305696487,0.1507287472486496,0.06389302760362625,0.18743892014026642,0.18504028022289276,0.1616043597459793,0.10640513151884079,0.07677113264799118,0.18755431473255157,0.12026344239711761,0.053605273365974426,0.1312747746706009,0.1351616382598877,0.15662725269794464,,0.07052905112504959,0.06671092659235,0.12536369264125824,0.23901355266571045,0.18831168115139008,0.21709196269512177,0.08303756266832352,0.1060316413640976,0.11595672369003296,,,0.0903530940413475,0.11632142215967178,0.16942419111728668,,0.30396768450737,0.07756806910037994,0.12317286431789398,0.10922153294086456,0.16195446252822876,0.1115570142865181,0.05202683433890343,0.10479816794395447,0.11276322603225708,,0.06632882356643677,0.07035182416439056,0.18479609489440918,0.08523011952638626,0.131905660033226,0.06959229707717896,0.2030058205127716,0.14684058725833893,0.058658722788095474,0.11809197813272476,0.26497289538383484,0.13588778674602509,,0.1966695785522461,0.08101844787597656,0.22354044020175934,0.08765601366758347,0.2664370536804199,0.16260495781898499,0.09795719385147095,0.09111454337835312,0.13176329433918,0.11208661645650864,0.11473589390516281,,0.1910405308008194,0.058306045830249786,0.15789265930652618,0.16152453422546387,0.11440285295248032,0.12001550197601318,0.06411545723676682,,0.08441725373268127,0.14961141347885132,0.0851246565580368,0.14871446788311005,0.05407781898975372,0.14603610336780548,0.07571710646152496,0.09599840641021729,0.12502431869506836,,0.10593774914741516,0.15679314732551575,,,0.10506920516490936,0.2296084612607956,0.09432860463857651,0.20445559918880463,0.1520681232213974,0.14244653284549713,0.12327414005994797,0.07669316977262497
internal_well,,0.16502200067043304,0.08717279881238937,0.13606934249401093,,0.08037500083446503,,0.16869322955608368,0.16564959287643433,0.11269217729568481,0.11216697096824646,0.24230410158634186,0.15032729506492615,,0.10243524610996246,,0.162422776222229,0.132581889629364,,,,,0.10924483835697174,,0.15534162521362305,0.10198898613452911,0.12527085840702057,0.1906871795654297,,0.14201046526432037,,,0.082632876932621,,0.2137426733970642,0.19235678017139435,0.13172723352909088,,,0.20393308997154236,,0.17104580998420715,0.13252376019954681,0.20084550976753235,0.13634023070335388,0.16916149854660034,0.11891148239374161,0.16881510615348816,0.11592318117618561,0.053460732102394104,0.1163104847073555,,0.07896207273006439,0.10340328514575958,0.07051185518503189,0.2206103801727295,,0.07883943617343903,,,,,,,0.16460885107517242,0.08185824751853943,,0.15280893445014954,0.16302736103534698,0.0908270850777626,0.08967171609401703,0.08972162753343582,0.07595469802618027,,0.11519245058298111,0.07544160634279251,,0.07165779918432236,,0.09181642532348633,0.4061501622200012,,0.10577563941478729,0.12217260897159576,0.21709954738616943,0.06225482001900673,0.1015874370932579,0.12226357311010361,0.24133415520191193,0.2360616773366928,0.12232939153909683,,0.05683056637644768,0.1499015837907791,0.2028639167547226,0.05452580749988556,0.2012423723936081,0.07416718453168869,0.15855632722377777,0.05067703500390053,0.13959017395973206
psychology,0.2404564917087555,0.06936483085155487,,0.09188240766525269,0.22916315495967865,0.11202798038721085,0.09670411050319672,,0.06826631724834442,0.1258520632982254,0.1055973693728447,0.23526234924793243,,,0.12451304495334625,0.10882458090782166,,,,0.12386445701122284,0.059812743216753006,0.24472635984420776,0.11113683134317398,0.07303483039140701,0.0521247461438179,,0.08168379962444305,0.0641850158572197,,0.06362418085336685,,,0.11867708712816238,,,,0.12610995769500732,,0.07526427507400513,0.05214943736791611,0.10984409600496292,0.10412068665027618,0.10400955379009247,,0.13003259897232056,0.14679847657680511,0.11284755915403366,,0.09266266971826553,0.10152982175350189,,0.061218470335006714,0.15340225398540497,0.09788471460342407,0.10522350668907166,,0.1819581687450409,0.1031944677233696,,0.243302583694458,0.0737885981798172,,,,0.16195310652256012,0.18731112778186798,0.12813809514045715,0.08298566192388535,0.1262412667274475,,,0.18622863292694092,,,,,0.10675126314163208,,0.14559030532836914,0.06320792436599731,,0.1802292913198471,,,,,,,0.28919991850852966,0.14633646607398987,0.2444131076335907,,,0.17299333214759827,,,0.1909928321838379,0.07875245064496994,0.19625946879386902,0.11474549770355225,0.1383550465106964
psychological_demands,0.2404564917087555,0.19732336699962616,0.06858132034540176,0.09188240766525269,0.22916315495967865,0.1892576664686203,0.18969246745109558,0.2539927065372467,0.09064412862062454,0.23042814433574677,0.1055973693728447,0.23526234924793243,0.22310887277126312,,0.30115464329719543,0.12424523383378983,,0.14073646068572998,0.07702960819005966,0.22842566668987274,0.10757860541343689,0.24472635984420776,0.11113683134317398,0.13467709720134735,0.06847691535949707,0.09238948673009872,0.2883710265159607,0.0641850158572197,0.13190963864326477,0.14944440126419067,0.05677264183759689,0.06332197785377502,0.2518805265426636,0.2813017666339874,,0.16019463539123535,0.12610995769500732,0.09692133963108063,0.07488356530666351,0.11721716821193695,0.12021881341934204,0.05388636514544487,,0.09143052995204926,0.2174997478723526,0.14679847657680511,0.20043735206127167,0.1210920587182045,0.09266266971826553,0.12187840789556503,,0.32206085324287415,0.15340225398540497,0.09827739000320435,0.09278768301010132,0.09643426537513733,0.10156567394733429,0.16524070501327515,0.14858385920524597,0.243302583694458,,0.13586188852787018,0.15020284056663513,0.1930132806301117,0.16195310652256012,0.19439692795276642,0.18708409368991852,0.08298566192388535,0.16371822357177734,0.06792003661394119,0.11147882789373398,0.18622863292694092,,0.08789962530136108,0.14429281651973724,0.05995526164770126,0.0986621156334877,,0.14559030532836914,0.08320518583059311,0.08750889450311661,0.30668357014656067,0.12938539683818817,0.08924750983715057,0.10907494276762009,0.17087413370609283,,0.11816471070051193,0.28919991850852966,0.3146062195301056,0.2444131076335907,0.1531495302915573,0.12636873126029968,0.21694833040237427,0.10495977103710175,0.24093851447105408,0.1909928321838379,0.19608855247497559,0.19625946879386902,0.11474549770355225,0.1383550465106964
depression_anxiety,0.2404564917087555,0.08924458175897598,,0.09188240766525269,0.22916315495967865,0.14938433468341827,0.09670411050319672,0.09199937433004379,0.22214151918888092,0.14049412310123444,0.14282499253749847,0.23526234924793243,0.13723833858966827,0.11860480904579163,,0.11130418628454208,,0.09828950464725494,,0.12386445701122284,0.059812743216753006,0.24472635984420776,0.11903942376375198,0.06704100966453552,0.08384916186332703,0.20763756334781647,0.16758418083190918,0.08827927708625793,0.16296358406543732,,0.16421058773994446,0.1482509970664978,0.1278247982263565,,0.07903168350458145,0.12393927574157715,0.18222254514694214,0.09888089448213577,0.10143875330686569,0.12802232801914215,0.10984409600496292,0.23304341733455658,0.17395003139972687,,0.13321684300899506,0.14679847657680511,0.13788747787475586,0.415639191865921,0.13000383973121643,0.10152982175350189,0.1622861623764038,0.10452082008123398,0.15340225398540497,0.12472640722990036,0.15162205696105957,0.07447381317615509,0.1332850605249405,0.11868733167648315,0.051575034856796265,0.243302583694458,0.18600082397460938,0.1754695475101471,0.12016983330249786,0.06027429923415184,0.16292785108089447,0.11463244259357452,0.12813809514045715,0.21660810708999634,0.1262412667274475,0.11907532811164856,0.061169009655714035,0.18622863292694092,0.05004669725894928,0.09397382289171219,0.1583884358406067,0.12378719449043274,0.07305797934532166,0.09363257884979248,0.16813980042934418,0.06320792436599731,0.09561901539564133,0.1802292913198471,0.06398780643939972,0.07551144808530807,,0.06679115444421768,,0.06249706819653511,0.28919991850852966,0.14633646607398987,0.2444131076335907,,,0.17299333214759827,0.15375877916812897,0.17465010285377502,0.1909928321838379,0.08644341677427292,0.19625946879386902,0.11474549770355225,0.1383550465106964
mental_hrqol,0.222554549574852,0.0627957358956337,0.06644987314939499,0.16914060711860657,0.05420691892504692,0.1553545743227005,0.18887153267860413,0.06430374830961227,0.09560266137123108,0.13280029594898224,,0.11794902384281158,,0.07237464189529419,0.10419371724128723,0.11545854806900024,0.10902028530836105,0.11087260395288467,0.14623485505580902,0.15662725269794464,0.15964850783348083,0.12180519849061966,0.07439140230417252,0.07131797075271606,,0.18831168115139008,0.1744636595249176,0.18223804235458374,0.1456163376569748,0.11419136077165604,0.08284950256347656,,0.08318998664617538,0.15626204013824463,0.10170786827802658,,0.30396768450737,,0.10060860961675644,0.2258678674697876,0.16195446252822876,0.15773898363113403,,,0.11276322603225708,,,0.09395824372768402,0.08512378484010696,,0.16447989642620087,0.17029182612895966,0.16140352189540863,0.22012022137641907,0.10611064732074738,,0.10086388140916824,,0.08930528163909912,0.1966695785522461,0.14387080073356628,0.22354044020175934,,0.2144547998905182,,0.0928131714463234,0.12749513983726501,0.2372310608625412,0.09231814742088318,,0.11886447668075562,0.09344200789928436,0.11573350429534912,0.1541614532470703,0.0897313579916954,0.08699081838130951,0.11933077126741409,0.0913221538066864,0.06291194260120392,0.11787731945514679,0.14961141347885132,,0.14495337009429932,,0.16436295211315155,0.07401956617832184,0.09599840641021729,0.30352291464805603,0.08018189668655396,0.13436836004257202,0.07451239228248596,,,0.05351435765624046,0.09763459861278534,0.09432860463857651,0.09223609417676926,0.16590969264507294,0.1843235343694687,0.17216575145721436,0.14687244594097137
neuropsychological,0.2404564917087555,0.128470778465271,,0.09188240766525269,0.22916315495967865,0.18634936213493347,0.18969246745109558,0.2539927065372467,0.11998359113931656,0.1258520632982254,0.18504028022289276,0.23526234924793243,0.20634648203849792,0.07823194563388824,0.30115464329719543,0.1470377892255783,0.07531589269638062,0.1312747746706009,0.12704156339168549,0.12386445701122284,0.15635788440704346,0.24472635984420776,0.11861417442560196,0.21642102301120758,0.23901355266571045,0.09238948673009872,0.2883710265159607,0.08303756266832352,0.1060316413640976,0.14944440126419067,0.08540893346071243,0.14025244116783142,0.11867708712816238,0.2813017666339874,,0.16019463539123535,0.1869320422410965,0.0687798261642456,0.1224384754896164,0.11721716821193695,0.10984409600496292,0.13586664199829102,0.09657283127307892,0.09143052995204926,0.13003259897232056,0.14679847657680511,0.20260673761367798,0.1210920587182045,0.09266266971826553,0.3077775835990906,,0.16423708200454712,0.15340225398540497,0.336559534072876,0.09278768301010132,0.11809197813272476,0.10156567394733429,0.16524070501327515,0.11601072549819946,0.243302583694458,0.057023920118808746,0.13586188852787018,0.1430940181016922,0.1930132806301117,0.16260495781898499,0.19439692795276642,0.12813809514045715,0.08298566192388535,0.16371822357177734,0.22193056344985962,0.12352023273706436,0.1910405308008194,0.2902386486530304,0.10549377650022507,0.16152453422546387,0.1455669403076172,0.12001550197601318,,0.14559030532836914,0.09222384542226791,0.08750889450311661,0.1802292913198471,0.07941760867834091,0.1436593234539032,0.14603610336780548,0.17087413370609283,0.11466159671545029,0.11816471070051193,0.28919991850852966,0.14633646607398987,0.2444131076335907,0.1531495302915573,0.12636873126029968,0.21694833040237427,0.10924088954925537,0.24093851447105408,0.20390070974826813,0.19608855247497559,0.19625946879386902,0.1704896241426468,0.17111694812774658
hedonic_well,0.13140028715133667,,0.12396030128002167,0.11375850439071655,0.08297663927078247,,,,,0.11269217729568481,0.1513843983411789,0.24230410158634186,0.1335119605064392,0.11038970947265625,0.08217637985944748,0.10626130551099777,0.162422776222229,,0.27216607332229614,0.1591080129146576,0.11694610863924026,,0.16715900599956512,,0.15534162521362305,0.11119037866592407,0.12527085840702057,0.1906871795654297,,0.11735313385725021,,0.10576895624399185,0.12063287943601608,0.1270749419927597,0.17398913204669952,0.0616629458963871,0.06627316772937775,,0.17382317781448364,0.2073972225189209,0.1113271489739418,0.17104580998420715,0.13252376019954681,0.05884622782468796,0.06677846610546112,0.16916149854660034,0.17315968871116638,0.17466337978839874,0.2036796361207962,0.053460732102394104,0.05766738951206207,0.2073625922203064,0.07896207273006439,0.11157374083995819,0.23878957331180573,0.1611873060464859,,0.13626903295516968,,0.059409622102975845,,,0.15811379253864288,0.055119194090366364,0.16460885107517242,0.15754441916942596,0.05901528522372246,0.22210529446601868,0.05695616453886032,0.08327590674161911,0.08967171609401703,,,,0.14215759932994843,0.07586127519607544,0.15427961945533752,,0.1308910995721817,0.09181642532348633,0.19240911304950714,0.1627257615327835,0.16458642482757568,0.12964147329330444,0.12055442482233047,0.0755007266998291,0.24566160142421722,0.13119710981845856,0.24133415520191193,0.3551606237888336,0.12232939153909683,,,0.23468606173992157,0.1165226474404335,0.16309192776679993,0.2012423723936081,0.12915284931659698,0.05934787169098854,0.0604354664683342,0.13959017395973206
individual_mental,0.11489458382129669,0.1719493418931961,0.21494616568088531,0.1322990506887436,0.08450127393007278,0.18634936213493347,0.12485488504171371,0.1507287472486496,,0.12750139832496643,0.18504028022289276,0.1010688990354538,0.10640513151884079,0.10276880115270615,0.07472963631153107,,0.06170012801885605,0.1312747746706009,0.1351616382598877,0.15662725269794464,0.14124678075313568,0.07052905112504959,0.07939651608467102,0.10779959708452225,0.23901355266571045,0.18831168115139008,0.18540531396865845,0.08303756266832352,0.19775696098804474,0.11419136077165604,,,0.08318998664617538,0.05391434207558632,0.07983163744211197,0.09293555468320847,0.30396768450737,,0.1224384754896164,,0.16195446252822876,0.1115570142865181,0.06956459581851959,0.1393429934978485,0.11276322603225708,,,0.16866473853588104,0.11728114634752274,,,0.06517506390810013,0.10808881372213364,0.10978107899427414,0.1909223049879074,0.11809197813272476,0.2562915086746216,0.13588778674602509,0.05640784651041031,0.1966695785522461,0.16666394472122192,0.22354044020175934,,0.19248707592487335,0.16260495781898499,0.08836129307746887,0.11252590268850327,,0.10934190452098846,0.059968024492263794,,0.1910405308008194,0.09104244410991669,0.14591822028160095,0.16152453422546387,0.11440285295248032,0.12001550197601318,0.06889350712299347,0.15545260906219482,0.12540072202682495,0.14961141347885132,0.09797219932079315,0.13266433775424957,0.10414291173219681,0.14603610336780548,0.06607947498559952,0.09599840641021729,0.12502431869506836,0.2107166051864624,0.13399600982666016,0.0809997022151947,0.22666668891906738,,0.16007526218891144,0.23926261067390442,0.09432860463857651,0.20390070974826813,0.1520681232213974,0.12649250030517578,0.1240466833114624,0.17644496262073517
positive_mental,0.2404564917087555,0.09483996033668518,0.1488495171070099,0.1322990506887436,0.22916315495967865,0.1553545743227005,0.09670411050319672,0.13912120461463928,0.08459847420454025,0.142671138048172,0.127106174826622,0.23526234924793243,,0.1834612488746643,0.07472963631153107,0.10882458090782166,0.053605273365974426,0.11087260395288467,0.1351616382598877,0.15662725269794464,0.059812743216753006,0.24472635984420776,0.14835016429424286,0.06704100966453552,0.0557338111102581,0.18831168115139008,0.10025514662265778,0.16243363916873932,,0.2253699004650116,,0.16944479942321777,0.11867708712816238,0.07217476516962051,,0.12941670417785645,0.30396768450737,,0.07741448283195496,0.20547813177108765,0.212830051779747,0.23190735280513763,0.05462012067437172,,0.13003259897232056,0.14679847657680511,0.11284755915403366,0.05212954059243202,0.1020696759223938,0.10152982175350189,0.0535314679145813,0.10560119897127151,0.15340225398540497,0.10978107899427414,0.09278768301010132,,,0.10128500312566757,0.224737286567688,0.243302583694458,0.05763038620352745,0.22354044020175934,0.18430204689502716,0.19248707592487335,0.22020286321640015,0.12977595627307892,0.12813809514045715,0.08298566192388535,0.1262412667274475,0.1374357044696808,,0.18622863292694092,0.16092664003372192,0.1360791027545929,,0.06129784509539604,0.17316506803035736,0.08133766055107117,0.14559030532836914,0.11446480453014374,0.14961141347885132,0.20104359090328217,0.136998251080513,0.09028105437755585,0.1028081476688385,0.08703771233558655,0.09599840641021729,0.12502431869506836,0.28919991850852966,0.15421821177005768,0.2444131076335907,0.1515951156616211,0.15235379338264465,0.20885580778121948,0.09763459861278534,0.26865479350090027,0.1909928321838379,0.07875245064496994,0.19625946879386902,0.11474549770355225,0.18948425352573395
person_mental,0.2404564917087555,,0.14802072942256927,0.1322990506887436,0.22916315495967865,0.1553545743227005,0.09670411050319672,0.16082163155078888,0.13792121410369873,0.12750139832496643,0.1142742931842804,0.23526234924793243,0.11870987713336945,,0.3061346411705017,0.1381082683801651,0.1257317215204239,0.11087260395288467,0.1351616382598877,0.2071278691291809,0.08491749316453934,0.24472635984420776,0.11113683134317398,0.10584644973278046,0.0521247461438179,0.18831168115139008,0.1754598468542099,0.1239282488822937,0.05083067715167999,0.11419136077165604,0.08029327541589737,,0.11867708712816238,0.15326499938964844,0.0787976011633873,,0.30396768450737,,0.07741448283195496,0.06439822167158127,0.16195446252822876,0.11456911265850067,,0.11543027311563492,0.13003259897232056,0.14679847657680511,0.11284755915403366,0.18429706990718842,0.09266266971826553,0.10152982175350189,,0.06517506390810013,0.15340225398540497,0.14315243065357208,0.15833130478858948,,0.14345955848693848,0.23139432072639465,,0.243302583694458,0.08759665489196777,0.22354044020175934,0.11174429953098297,0.2361888438463211,0.18077200651168823,0.11463244259357452,0.12813809514045715,0.22704048454761505,0.1262412667274475,0.15314209461212158,0.2411559671163559,0.18622863292694092,0.1987626701593399,0.1360791027545929,0.13342377543449402,0.12119024991989136,0.1262357383966446,0.055461082607507706,0.14559030532836914,0.09896241873502731,0.14961141347885132,0.1802292913198471,0.13266433775424957,0.09141631424427032,0.1028081476688385,0.11566954851150513,0.1775338351726532,0.28270357847213745,0.28919991850852966,0.14633646607398987,0.2444131076335907,0.1545591652393341,0.11505760997533798,0.17299333214759827,0.19358234107494354,0.2573626637458801,0.1909928321838379,0.07875245064496994,0.19625946879386902,0.14267775416374207,0.1383550465106964
mental_disorder,0.2404564917087555,0.08838874846696854,0.1527075171470642,0.22137399017810822,0.22916315495967865,0.1553545743227005,0.09670411050319672,0.13012060523033142,,0.2258780598640442,0.1055973693728447,0.11746174097061157,,,0.116134412586689,0.10882458090782166,0.053605273365974426,0.11087260395288467,0.1351616382598877,0.15662725269794464,,0.23744703829288483,0.11113683134317398,0.16138827800750732,0.0521247461438179,0.22695320844650269,0.061275605112314224,0.15030086040496826,0.06386901438236237,0.3004409372806549,,,0.11867708712816238,0.05391434207558632,,0.12106908857822418,0.30396768450737,0.08342757821083069,0.07741448283195496,0.05214943736791611,0.16195446252822876,0.11451467126607895,0.14234329760074615,,0.11276322603225708,0.14679847657680511,0.11284755915403366,0.19220350682735443,0.09266266971826553,0.13234356045722961,0.05923003703355789,0.06517506390810013,0.12119235098361969,0.10978107899427414,0.10307599604129791,,0.13768422603607178,0.1201196238398552,0.15470154583454132,0.243302583694458,0.09011440724134445,0.22354044020175934,0.14717954397201538,0.19248707592487335,0.16195310652256012,0.07933466136455536,0.1465965360403061,0.08298566192388535,0.14472177624702454,0.11742625385522842,0.12275347858667374,0.18622863292694092,0.058306045830249786,0.1360791027545929,0.0945136547088623,0.17936035990715027,0.09638310968875885,,0.14559030532836914,0.12247221171855927,0.14961141347885132,0.2321396768093109,0.13266433775424957,0.14098483324050903,0.1028081476688385,0.10633347928524017,0.09599840641021729,0.12502431869506836,0.28919991850852966,0.14633646607398987,0.07451239228248596,0.11144808679819107,0.1752612292766571,0.05351435765624046,0.11518579721450806,0.09432860463857651,0.1909928321838379,0.07875245064496994,0.0885375365614891,0.11474549770355225,0.10386782884597778
mental_restoration,0.2404564917087555,0.06350773572921753,0.1770327240228653,0.1322990506887436,0.22916315495967865,0.1553545743227005,0.09670411050319672,0.24241778254508972,,0.12750139832496643,0.2916545867919922,0.14075829088687897,0.10337932407855988,0.19057318568229675,0.07492057979106903,0.10882458090782166,0.08183714747428894,0.18574783205986023,0.1351616382598877,0.15662725269794464,0.0691024512052536,0.07052905112504959,0.11113683134317398,0.06704100966453552,0.16468779742717743,0.18831168115139008,0.10769931972026825,0.1931012123823166,0.10585027933120728,0.14712128043174744,0.15920178592205048,0.19249601662158966,0.1485590785741806,0.17377066612243652,0.08480725437402725,0.053557321429252625,0.30396768450737,,0.07741448283195496,0.06437284499406815,0.16195446252822876,0.14628414809703827,0.06766646355390549,0.14876751601696014,0.13739602267742157,0.14679847657680511,0.1735904961824417,0.1669226586818695,0.12579819560050964,0.12347636371850967,0.13659745454788208,0.09001906216144562,0.15279623866081238,0.1118423268198967,0.22290590405464172,0.16749994456768036,0.17732611298561096,0.06869489699602127,0.05421307310461998,0.243302583694458,0.17418323457241058,0.22354044020175934,0.11261353641748428,0.19248707592487335,0.16195310652256012,0.10837095975875854,0.09111454337835312,0.08298566192388535,0.24155062437057495,0.1367199867963791,0.1512347161769867,0.18622863292694092,0.07839477807283401,0.1360791027545929,0.12637853622436523,0.17406122386455536,0.09638310968875885,,0.14559030532836914,0.06320792436599731,0.15290027856826782,,0.13266433775424957,0.12553274631500244,0.1028081476688385,0.06607947498559952,0.16951490938663483,0.12502431869506836,0.28919991850852966,0.14633646607398987,0.12075579166412354,0.17346759140491486,0.10302718728780746,0.05351435765624046,0.10805843025445938,0.13208262622356415,0.1909928321838379,0.07875245064496994,0.1318787783384323,0.11474549770355225,0.10386782884597778
psychological_health,0.2404564917087555,0.0750235989689827,0.15223750472068787,0.12028753012418747,0.22916315495967865,0.1566196084022522,0.18969246745109558,0.2539927065372467,0.09976723790168762,0.13056424260139465,0.1055973693728447,0.23526234924793243,0.20634648203849792,0.20337814092636108,0.30115464329719543,0.10882458090782166,0.22510306537151337,0.12196160852909088,0.06176728010177612,0.12386445701122284,0.11626984924077988,0.24472635984420776,0.1834048181772232,0.1416858285665512,0.16825975477695465,0.10679395496845245,0.2883710265159607,0.07934114336967468,0.06891274452209473,0.14944440126419067,0.05677264183759689,0.07649651169776917,0.14832830429077148,0.2813017666339874,0.13357605040073395,0.16019463539123535,0.12610995769500732,0.13157404959201813,0.12572595477104187,0.11721716821193695,0.10984409600496292,0.12564100325107574,0.12707993388175964,0.09382497519254684,0.13003259897232056,0.14679847657680511,0.20043735206127167,0.12160643190145493,0.09266266971826553,0.23616182804107666,0.07853733003139496,0.061218470335006714,0.15340225398540497,0.09827739000320435,0.09278768301010132,0.09643426537513733,0.15413013100624084,0.16524070501327515,0.11601072549819946,0.243302583694458,0.13388922810554504,0.13586188852787018,0.06747207790613174,0.1930132806301117,0.16195310652256012,0.19439692795276642,0.12813809514045715,0.1626521348953247,0.16371822357177734,0.06792003661394119,0.17747469246387482,0.18622863292694092,,0.08789962530136108,0.14429281651973724,0.07139748334884644,0.11676835268735886,0.1946471929550171,0.14559030532836914,0.11603084951639175,0.08750889450311661,0.1802292913198471,0.07622165232896805,0.08924750983715057,,0.18312345445156097,,0.11816471070051193,0.28919991850852966,0.14633646607398987,0.2444131076335907,0.1531495302915573,0.16658708453178406,0.21694833040237427,0.09043203294277191,0.24093851447105408,0.1909928321838379,0.19608855247497559,0.19625946879386902,0.11474549770355225,0.1383550465106964
psychological_well,0.2404564917087555,,,0.09188240766525269,0.22916315495967865,0.1566196084022522,0.18969246745109558,0.2539927065372467,0.19568127393722534,0.1258520632982254,0.11216697096824646,0.24230410158634186,0.20634648203849792,0.13014937937259674,0.30115464329719543,0.10882458090782166,0.162422776222229,0.12196160852909088,,0.15626102685928345,0.10757860541343689,0.24472635984420776,0.11113683134317398,0.13467709720134735,0.15534162521362305,0.09238948673009872,0.2883710265159607,0.1906871795654297,0.12736248970031738,0.14944440126419067,0.05677264183759689,0.2389780580997467,0.11867708712816238,0.2813017666339874,,0.16019463539123535,0.21719713509082794,0.0687798261642456,0.07488356530666351,0.20393308997154236,0.10984409600496292,0.17104580998420715,0.13252376019954681,0.09143052995204926,0.16275037825107574,0.16916149854660034,0.20043735206127167,0.1210920587182045,0.1496528685092926,0.12187840789556503,0.27804434299468994,0.061218470335006714,0.29019731283187866,0.1327817142009735,0.09278768301010132,0.09643426537513733,0.10156567394733429,0.16524070501327515,0.11601072549819946,0.243302583694458,,0.13586188852787018,,0.1930132806301117,0.16460885107517242,0.19439692795276642,0.12813809514045715,0.1481342911720276,0.16371822357177734,0.1899680495262146,0.11147882789373398,0.18622863292694092,,0.08789962530136108,0.14429281651973724,0.07544160634279251,0.14620499312877655,,0.20065656304359436,0.09181642532348633,0.19240911304950714,0.1802292913198471,,0.12217260897159576,,0.17087413370609283,,0.11816471070051193,0.28919991850852966,0.14633646607398987,0.2444131076335907,0.1531495302915573,0.12636873126029968,0.21694833040237427,0.0874374583363533,0.24093851447105408,0.2012423723936081,0.19608855247497559,0.19625946879386902,0.12707668542861938,0.13959017395973206
high_depression,0.2404564917087555,,0.15812945365905762,0.09401331096887589,0.22916315495967865,0.11870653927326202,0.09670411050319672,0.1208825334906578,0.19347772002220154,0.14049412310123444,0.12331587821245193,0.23526234924793243,,0.11021564155817032,0.1685260683298111,0.11130418628454208,0.08460793644189835,0.08005741983652115,0.27585622668266296,0.12386445701122284,0.059812743216753006,0.24472635984420776,0.20278124511241913,0.17148102819919586,0.0521247461438179,,0.16758418083190918,0.09882774949073792,0.13077402114868164,0.18975195288658142,,,0.1278247982263565,0.16467483341693878,0.12050431221723557,0.08301162719726562,0.12610995769500732,0.09888089448213577,,0.12802232801914215,0.10984409600496292,0.23304341733455658,0.06897350400686264,,0.13003259897232056,0.14679847657680511,0.13788747787475586,,0.09266266971826553,0.10152982175350189,,0.23759806156158447,0.15340225398540497,0.12472640722990036,0.15813101828098297,0.05661207437515259,0.1332850605249405,,0.051575034856796265,0.243302583694458,0.061584845185279846,0.12267173081636429,0.08809814602136612,,0.16195310652256012,0.11875731498003006,0.12813809514045715,0.08298566192388535,0.1262412667274475,0.11907532811164856,0.18970298767089844,0.18622863292694092,,0.09397382289171219,0.10751466453075409,0.23387101292610168,0.11461013555526733,0.23558908700942993,0.16813980042934418,0.08025070279836655,0.1906753033399582,0.1802292913198471,0.1539783924818039,0.22811268270015717,,0.06679115444421768,,,0.28919991850852966,0.14633646607398987,0.2444131076335907,,,0.17299333214759827,0.05198574811220169,0.16498352587223053,0.1909928321838379,0.08644341677427292,0.19625946879386902,0.11474549770355225,0.1383550465106964
determinants_depression,0.2404564917087555,,,0.14630092680454254,0.22916315495967865,0.11870653927326202,0.09670411050319672,0.10167134553194046,0.19347772002220154,0.14049412310123444,0.19395028054714203,0.23526234924793243,,0.11021564155817032,,0.2097030133008957,0.14942900836467743,0.11882835626602173,0.20049132406711578,0.12386445701122284,0.059812743216753006,0.24472635984420776,0.26947855949401855,0.06704100966453552,0.05670282617211342,0.28921741247177124,0.16758418083190918,0.0641850158572197,0.13077402114868164,0.13567987084388733,0.08502522855997086,,0.16518859565258026,,0.07903168350458145,0.10450320690870285,0.12610995769500732,0.09888089448213577,0.058064185082912445,0.12802232801914215,0.10984409600496292,0.23304341733455658,0.12378238141536713,0.15446172654628754,0.18068206310272217,0.14679847657680511,0.13788747787475586,0.05765577405691147,0.09266266971826553,0.14008739590644836,0.17783701419830322,0.10755641013383865,0.15340225398540497,0.12472640722990036,0.12261534482240677,0.16873565316200256,0.1332850605249405,,0.09613542258739471,0.243302583694458,0.07786396145820618,0.13557203114032745,0.07946417480707169,,0.16195310652256012,0.11463244259357452,0.12813809514045715,0.10041111707687378,0.17817755043506622,0.20137909054756165,0.061169009655714035,0.18622863292694092,,0.09397382289171219,0.16464373469352722,0.12378719449043274,0.07305797934532166,0.23721668124198914,0.16813980042934418,0.06320792436599731,0.09561901539564133,0.1802292913198471,0.07589814811944962,,,0.1666400134563446,,,0.3159317970275879,0.14633646607398987,0.2444131076335907,0.09268531948328018,,0.17299333214759827,0.21753640472888947,0.19654816389083862,0.1909928321838379,0.18372122943401337,0.19625946879386902,0.11474549770355225,0.1392258256673813
