index,internal_well,psychological_wellbeing,psychological_health,geriatric_depression,mental_well,determinants_depression,depression_anxiety,residents_mental,individual_mental,mental_disorder,mental_restoration,psychophysiological_wellbeing,mental_health,health_crisis,well,human_health,mood_disturbance,health,psychological_well,mood,health_promotion,mental_functioning,mental_illness,social_health,impact_mental,person_mental,subjective_well,personal_well,neuropsychological,mental_wellbeing,depression,poor_mental,emotional_well,subjective_wellbeing,psychological_restoration,wellbeing,psychological_demands,mental,high_depression,hedonic_well,feel_healthy,illness,health_promoting,psychological,mental_hrqol,psychology,positive_mental,healthy
conventional_buildings,0.1650219857692718,0.1260292083024978,0.1836207509040832,0.2209021002054214,0.1953894644975662,0.1644944995641708,0.0892445817589759,0.0752673000097274,0.1719493418931961,0.1168761998414993,0.1163051798939704,0.1655558496713638,0.1829804331064224,0.1839671581983566,0.1702691465616226,0.1099226251244545,0.084526315331459,0.0848087072372436,0.1387261748313903,0.0901984795928001,0.0560581721365451,0.0758848264813423,0.0892394483089447,0.0805482119321823,0.1277174949645996,0.0640153884887695,0.1343717128038406,0.2396816462278366,0.0659910067915916,0.2443999797105789,0.1647289991378784,0.1087133809924125,0.0653979778289794,0.1637911647558212,0.1523707062005996,0.2207186967134475,0.2321109622716903,0.1293653547763824,0.1295155733823776,0.0943637862801551,0.0922596305608749,0.0726035982370376,0.0922285094857215,0.0603017471730709,0.0896062180399894,0.0693648383021354,0.1144429817795753,0.1158113107085228
building,0.1650219857692718,0.1260292083024978,0.0750235989689827,0.2209021002054214,0.1932180821895599,0.1644944995641708,0.0892445817589759,0.0752673000097274,0.1719493418931961,0.1168761998414993,0.1163051798939704,,0.1829804331064224,0.1839671581983566,0.1412682682275772,,,,0.1387261748313903,0.0901984795928001,0.0560581721365451,0.0758848264813423,0.0892394483089447,0.0805482119321823,0.0745782479643821,0.0640153884887695,0.1343717128038406,0.2396816462278366,0.0659910067915916,0.2443999797105789,0.0790344178676605,,0.0653979778289794,0.1470589339733123,0.1523707062005996,0.2207186967134475,0.2321109622716903,0.1293653547763824,0.1295155733823776,0.0943637862801551,0.0922596305608749,,0.0547276735305786,,0.0896062180399894,0.0693648383021354,0.0948399603366851,
building_occupants,0.1650219857692718,0.1260292083024978,0.1522374898195266,0.2209021002054214,0.1932180821895599,0.1644944995641708,0.1025391668081283,0.0769469439983367,0.2149461805820465,0.1435739696025848,0.172929048538208,,0.2094414085149765,0.1839671581983566,0.1702691465616226,0.1009034439921379,,0.1202875450253486,0.1387261748313903,0.0901984795928001,0.1199760735034942,0.2604767978191376,0.1100731864571571,0.0805482119321823,0.1402296870946884,0.1480207443237304,0.1343717128038406,0.2396816462278366,0.1524034887552261,0.2443999797105789,0.1647289991378784,0.0790859907865524,0.1345580518245697,0.1470589339733123,0.1864069253206253,0.2207186967134475,0.2321109622716903,0.1322990357875824,0.1581294387578964,0.1137584894895553,0.0922596305608749,0.0589403882622718,0.1796526163816452,0.098120093345642,0.0896062180399894,0.092516042292118,0.1488495469093322,
occupant,0.0728036165237426,,,,0.1932180821895599,0.1644944995641708,0.1025391668081283,0.0769469439983367,0.1195889487862587,0.1435739696025848,0.1021838262677192,,0.2094414085149765,0.10199785977602,0.1412682682275772,0.1009034439921379,,0.1202875450253486,0.1234315931797027,0.0808744356036186,0.1199760735034942,0.2604767978191376,0.1100731864571571,0.0805482119321823,0.0745782479643821,,0.1343717128038406,0.1475575417280197,0.1524034887552261,,0.0957633405923843,,0.1345580518245697,0.1093756854534149,0.1864069253206253,0.0695987343788147,,0.1322990357875824,0.0824089869856834,0.1137584894895553,0.0856858417391777,0.0589403882622718,0.0547276735305786,0.098120093345642,,0.092516042292118,0.0813004374504089,
building_design,0.1650219857692718,0.1260292083024978,0.1525596231222152,0.2209021002054214,0.1932180821895599,0.1644944995641708,0.1665578782558441,0.150994136929512,0.1719493418931961,0.1168761998414993,0.1163051798939704,,0.1829804331064224,0.1839671581983566,0.1702691465616226,0.1147372722625732,0.0808083489537239,0.1320018768310547,0.3230908215045929,0.1766742318868637,0.0813257843255996,0.1306506693363189,0.0960963144898414,0.0805482119321823,0.1855417340993881,0.1435253918170929,0.1343717128038406,0.2396816462278366,0.1263173669576645,0.2443999797105789,0.1647289991378784,0.1395157724618911,0.0766222178936004,0.1470589339733123,0.1523707062005996,0.2207186967134475,0.2321109622716903,0.1293653547763824,0.1781537532806396,0.0943637862801551,0.0922596305608749,,0.2018013894557953,,0.0991323813796043,0.1145867779850959,0.1164571419358253,0.1117443814873695
facility,0.0803750157356262,0.1542038321495056,,,,,,,0.0625739246606826,,0.0557867959141731,,,0.2404790371656417,,,,,,,,,,,0.0513887405395507,,,,,0.2013798207044601,0.0544194094836711,,,0.0938043892383575,,0.1373660713434219,,0.1553545743227005,,,,,,0.0885027647018432,0.0627802535891532,,,
adaptation_urban,0.0728036165237426,0.0814960226416587,0.1124842911958694,0.0644106343388557,0.1932180821895599,0.1644944995641708,0.1035841703414917,0.1073945164680481,0.1195889487862587,0.1690067052841186,0.1779553294181823,0.0944185256958007,0.1773948967456817,0.2136438190937042,0.1412682682275772,,0.1197237223386764,0.1397182643413543,0.1862896829843521,0.0688852369785308,0.1472237408161163,0.1179340705275535,0.2554526329040527,0.0805482119321823,0.0745782479643821,,0.1343717128038406,0.1475575417280197,0.1524034887552261,0.0596641674637794,0.0957633405923843,0.1888475567102432,0.1345580518245697,0.1535152196884155,0.2103348225355148,0.2839325070381164,0.0640638023614883,0.1293653547763824,0.0544002316892147,,0.0892788395285606,0.0625224262475967,0.0547276735305786,0.1411915719509124,0.1446613222360611,0.1686567962169647,0.0813004374504089,0.132407546043396
urban_life,0.0728036165237426,0.0842714011669159,0.0632543340325355,,0.1932180821895599,0.1644944995641708,,0.1268357187509536,,0.0797060057520866,0.1021838262677192,0.1778853386640548,0.0882560312747955,0.10199785977602,0.1412682682275772,,0.1152445524930954,,0.0875887274742126,0.0525006055831909,0.1003623232245445,,0.1306335628032684,0.1430236995220184,0.0842377841472625,,0.1343717128038406,0.1627814322710037,,,0.0919993445277214,0.0951315760612487,,0.0544320717453956,0.1387507021427154,0.0695987343788147,,0.1293653547763824,0.1327491402626037,0.239686831831932,,0.2738803625106811,0.0547276735305786,0.0621061213314533,,0.280282974243164,0.0813004374504089,
urban_environment,0.1656496226787567,0.0995194762945175,0.0997672379016876,0.233266070485115,0.1932180821895599,0.1644944995641708,0.2221415191888809,0.0590427555143833,0.07858607172966,,0.1021838262677192,0.0536850467324256,0.130395621061325,0.10199785977602,0.1825092732906341,0.1886676847934723,0.1768213957548141,,0.1956812888383865,0.0997028276324272,0.2461036741733551,0.1222894638776779,0.1497043669223785,0.1726358532905578,0.0745782479643821,0.1803647428750991,0.1639443039894104,0.1475575417280197,0.1199835762381553,0.128261849284172,0.0722177922725677,0.0660371482372284,0.1733047813177108,0.0893442183732986,,0.1363238841295242,0.12703438103199,0.1293653547763824,,,0.1284351944923401,0.0705708935856819,0.0547276735305786,0.0795071944594383,0.0828137844800949,,0.2015935778617859,0.1011794209480285
urban_planning,0.1449576467275619,0.1535029858350753,,0.2209021002054214,0.1932180821895599,0.1644944995641708,0.1025391668081283,0.0949151590466499,0.1195889487862587,0.1435739696025848,0.1981998085975647,,0.1829804331064224,0.1696033924818039,0.1553793400526046,0.1891249269247055,,0.1112313196063041,0.1387261748313903,,0.0550685301423072,0.1179340705275535,0.1100731864571571,0.0805482119321823,0.2017094194889068,0.0527431778609752,0.1343717128038406,0.2396816462278366,0.1524034887552261,,0.1404941529035568,0.0982850492000579,0.2185277193784713,0.1305534541606903,0.1523707062005996,0.2207186967134475,0.2304281741380691,0.1293653547763824,0.1295155733823776,0.0943637862801551,0.0896785333752632,0.1230824440717697,0.1731556355953216,0.1606874316930771,,0.092516042292118,0.0987018272280693,0.1177709326148033
city_center,0.2114650160074234,0.2122482508420944,0.1950072199106216,0.2141342908143997,0.0990684106945991,0.1688308864831924,0.0968833789229393,0.0794229656457901,,0.1991143971681594,0.2556394636631012,0.064279519021511,0.1463645994663238,0.1387157142162323,0.1121669933199882,0.058960236608982,,0.0907378569245338,,,0.0687833279371261,0.1417232751846313,0.0688835009932518,0.0622314922511577,0.1943558007478714,0.1142742931842804,0.0742797777056694,0.1011303886771202,0.0754096135497093,0.1512772589921951,0.1356265544891357,0.1335414946079254,,,,0.1919952630996704,,0.1310895681381225,0.0904637053608894,0.1513844281435012,0.151785522699356,0.074590653181076,0.0855137035250663,0.0623448900878429,,0.1052361875772476,,
dwell,,,0.1266354769468307,0.0750975310802459,0.148827850818634,,,0.0557903610169887,0.161264881491661,,,0.1523905992507934,0.1077361404895782,0.1048122197389602,0.2423041015863418,0.1643849611282348,0.1479168832302093,0.0590244866907596,0.0780482292175293,0.0732188299298286,,0.0581966154277324,0.1514825373888015,0.0912941917777061,,,0.1027720868587493,0.0807323455810546,0.0714174136519432,,0.1691712439060211,0.0781875327229499,0.0720184817910194,,,0.1504310965538025,,0.0961519032716751,,0.136183425784111,,,0.0582984015345573,0.1151766404509544,0.1091909408569336,,0.1768761724233627,
housing,0.0728036165237426,0.1260292083024978,,0.2209021002054214,0.1932180821895599,0.1644944995641708,0.0882713869214057,0.0590427555143833,0.0808284953236579,,0.1163051798939704,,0.1829804331064224,0.10199785977602,0.1702691465616226,,,,0.1387261748313903,,,0.0758848264813423,0.0854134783148765,0.0805482119321823,0.1277174949645996,0.0527431778609752,0.1421079337596893,0.2396816462278366,0.0659910067915916,,0.1647289991378784,0.0790859907865524,0.1440002769231796,0.1305534541606903,0.152943268418312,0.2207186967134475,0.1290142834186554,0.1293653547763824,0.1295155733823776,0.0943637862801551,,,0.0944127142429351,0.1037574559450149,0.0758113041520118,,0.1144429817795753,
suburban,0.0795297548174858,,0.2037612944841385,0.1686215996742248,0.1932180821895599,0.1644944995641708,0.1186048239469528,0.0590427555143833,0.1027687862515449,,0.1047175303101539,,,0.10199785977602,0.1702691465616226,,0.0883422568440437,,0.1301493793725967,0.1327603459358215,,0.0692459419369697,0.0609394311904907,0.0805482119321823,0.1537505537271499,0.1333899796009063,0.1498534977436065,0.1475575417280197,0.0782319754362106,0.0811022967100143,0.1647289991378784,0.139845386147499,0.1023835986852645,0.0981250181794166,0.0961681753396987,0.1008105352520942,0.1290142834186554,0.1293653547763824,0.0825557708740234,0.0530245974659919,,0.1249296590685844,0.1547834128141403,0.0667171105742454,0.0758113041520118,,0.1834612488746643,0.1414351165294647
neighborhood,,0.1109630316495895,,0.0806305408477783,,,,0.0857571884989738,0.2242670655250549,0.1196172013878822,,0.097073033452034,0.1776650249958038,,0.109784610569477,0.0594674721360206,0.1024425849318504,0.1840698570013046,,0.0903818234801292,0.1561567485332489,0.1875543147325515,0.1290977895259857,0.1531573086977005,,,0.0911849811673164,,0.0591097734868526,0.0630287155508995,0.0867941081523895,0.1864561587572097,0.0586084388196468,,,0.1072290912270546,0.0798377990722656,0.1249350756406784,0.148676261305809,0.1761628687381744,0.2296458780765533,,,,0.1041937172412872,0.1245130598545074,0.057448323816061,0.1985452771186828
apartment,0.1455970108509063,0.1281017661094665,,,0.1178164705634117,0.06600983440876,0.1025391668081283,0.1255391389131546,0.1195889487862587,0.1435739696025848,0.0580448471009731,0.1244321018457412,0.2244578450918197,0.0709168463945388,0.0561858788132667,,0.1768213957548141,0.0899700820446014,0.1234315931797027,0.0997028276324272,0.2461036741733551,0.1202634572982788,0.2026816606521606,0.1044141203165054,,0.0524684339761734,,0.0510914996266365,0.1524034887552261,0.128261849284172,0.1113042086362838,0.0914927348494529,0.1733047813177108,0.2112021446228027,0.0753229707479476,0.2637573778629303,0.12703438103199,0.1196407079696655,0.1094127669930458,0.1062613204121589,0.0856858417391777,0.0589403882622718,,0.098120093345642,0.1534729152917862,0.092516042292118,0.2015935778617859,0.064706340432167
distance_city,0.0828083753585815,0.1313878893852234,0.2251030504703521,0.2141342908143997,0.1803420633077621,0.1020933240652084,0.0968833789229393,0.0794229656457901,0.0617001354694366,0.1991143971681594,0.2556394636631012,,0.1463645994663238,0.0739605352282524,0.1702691465616226,0.0530720651149749,0.079258807003498,0.0731975138187408,0.1026854887604713,,,0.0593469925224781,0.158561423420906,0.1368681490421295,0.1277174949645996,0.1257317215204239,0.1582530289888382,0.1301982402801513,,0.1520364582538604,0.1647289991378784,0.0790859907865524,0.1091252565383911,0.0551486834883689,0.0854525938630104,0.1773617267608642,0.1290142834186554,,0.0891091898083686,,0.1736277192831039,0.1091085523366928,0.2361541539430618,0.205113410949707,0.1291934698820114,,0.1144429817795753,
citywide,0.1325819045305252,0.1313878893852234,0.1542306989431381,0.2141342908143997,0.0671650245785713,0.0791436210274696,0.0982894897460937,0.0794229656457901,,0.1991143971681594,0.2556394636631012,,0.1463645994663238,,,0.123350977897644,,0.0731975138187408,0.0656289681792259,,,,,0.0622314922511577,,0.1151961833238601,0.2037641406059265,0.061577308923006,,0.1630891263484954,0.0800574049353599,,0.1286524087190628,0.1458093374967575,0.1586267650127411,0.0799540057778358,0.1407364308834076,0.110872596502304,0.0766935870051384,,0.1674395203590393,0.1559683680534362,0.149461880326271,0.0733663067221641,,,,
urban_walking,0.0728036165237426,0.2750983238220215,0.0617673024535179,0.2209021002054214,0.1932180821895599,0.1644944995641708,,0.0590427555143833,,,0.1163051798939704,0.0978929176926612,0.1866694539785385,0.10199785977602,0.1412682682275772,,0.108114555478096,0.0638578385114669,0.2722863554954529,0.1263552010059356,0.1862107366323471,0.0758848264813423,0.0609394311904907,0.0956465080380439,0.0745782479643821,0.1062532067298889,0.1343717128038406,0.2396816462278366,0.0894219055771827,0.1848884224891662,0.0722177922725677,,0.051854733377695,0.1305534541606903,0.1523707062005996,0.2207186967134475,0.0770295858383178,0.1293653547763824,0.1295155733823776,0.2721660733222961,,0.0722951367497444,0.0547276735305786,0.1391687542200088,0.0919076278805732,,0.0813004374504089,
suburbanization,0.0795297548174858,,0.2037612944841385,0.1686215996742248,0.1932180821895599,0.1644944995641708,0.1186048239469528,0.0590427555143833,0.1027687862515449,0.1613883078098297,0.1047175303101539,0.1035573557019233,,0.10199785977602,0.1702691465616226,0.2237675189971923,0.1019390299916267,0.0828016698360443,0.1562610268592834,0.1327603459358215,0.1134342402219772,0.125363677740097,0.1481223255395889,0.0805482119321823,0.1589067280292511,0.1333899796009063,0.1498534977436065,0.1475575417280197,0.0782319754362106,0.0811022967100143,0.1647289991378784,0.139845386147499,0.1023835986852645,0.1174552291631698,0.1182650178670883,0.1008105352520942,0.2284256666898727,0.1293653547763824,0.1714809983968734,0.0530245974659919,,0.1249296590685844,0.1547834128141403,0.0867596417665481,0.0758113041520118,0.0730348080396652,0.1834612488746643,0.1414351165294647
city_centre,0.1260553896427154,0.1313878893852234,0.1542306989431381,0.2141342908143997,,0.0791436210274696,0.0968833789229393,0.0794229656457901,,0.1991143971681594,0.2556394636631012,,0.1463645994663238,0.0657431855797767,,0.0520727112889289,,0.1237704083323478,0.079643614590168,0.0638234093785286,0.1126043945550918,,,0.0622314922511577,,0.0588710717856884,,,,0.0957053005695343,0.0521289147436618,0.1053720936179161,,,,0.0881981179118156,0.2305904179811477,,0.1091609150171279,0.071277730166912,0.2401756346225738,0.074590653181076,0.1287380009889602,0.1075785830616951,0.1596484780311584,,,
suburbanization_process,0.0795297548174858,,0.2037612944841385,0.1686215996742248,0.1932180821895599,0.1644944995641708,0.1457061618566513,0.1059352457523346,0.1201820075511932,0.1613883078098297,0.1047175303101539,0.1035573557019233,0.130395621061325,0.10199785977602,0.1825092732906341,0.2237675189971923,0.2709801793098449,0.0828016698360443,0.1562610268592834,0.1327603459358215,0.1134342402219772,0.125363677740097,0.1481223255395889,0.0805482119321823,0.1589067280292511,0.2181708514690399,0.1639443039894104,0.1475575417280197,0.1524034887552261,0.0811022967100143,0.1647289991378784,0.139845386147499,0.1345580518245697,0.1174552291631698,0.1182650178670883,0.1049012467265129,0.2284256666898727,0.1293653547763824,0.2440108209848404,0.1451743245124817,0.1284351944923401,0.1249296590685844,0.1547834128141403,0.098120093345642,0.0938389971852302,0.092516042292118,0.1834612488746643,0.1881405264139175
exurban_development,0.0728036165237426,0.0642299130558967,0.1834048181772232,0.1822739392518997,0.2112057954072952,0.1644944995641708,0.1025391668081283,0.0769469439983367,0.1195889487862587,0.1435739696025848,0.1021838262677192,0.1074180901050567,0.0583974830806255,0.10199785977602,0.1412682682275772,,0.1768213957548141,0.1524126678705215,0.1234315931797027,0.204904019832611,0.2461036741733551,0.1179340705275535,0.1497043669223785,0.1044141203165054,0.0745782479643821,,0.1343717128038406,0.1475575417280197,0.1524034887552261,0.128261849284172,0.1190394312143325,0.0776829794049263,0.2789218723773956,0.1093756854534149,,0.1363238841295242,0.152821809053421,0.1293653547763824,0.2027812302112579,0.1671590059995651,0.0927677378058433,0.1090673729777336,0.0581156462430954,0.1293867528438568,0.0696936547756195,0.092516042292118,0.2015935778617859,0.1173782274127006
urbanization,0.0728036165237426,,,,0.1932180821895599,0.1644944995641708,,0.0590427555143833,,0.1613883078098297,0.1021838262677192,0.1035573557019233,,0.10199785977602,0.1412682682275772,0.2237675189971923,,0.0828016698360443,0.0633263513445854,,0.1134342402219772,0.125363677740097,0.1481223255395889,0.0805482119321823,0.1589067280292511,0.1058464348316192,0.1343717128038406,0.1475575417280197,,,0.0722177922725677,0.0792435705661773,0.0679615959525108,0.0544320717453956,0.1182650178670883,0.0695987343788147,,0.1293653547763824,0.1714809983968734,,,,0.0547276735305786,,0.0713179782032966,0.0730348080396652,0.0813004374504089,
old_city,0.10926004499197,0.1313878893852234,0.1542306989431381,0.2141342908143997,0.1816798150539398,0.0791436210274696,0.0968833789229393,0.0794229656457901,,0.1991143971681594,0.2556394636631012,0.0824590399861335,0.1463645994663238,0.0528331063687801,0.155341625213623,0.282086044549942,,0.0731975138187408,,,,,,0.0622314922511577,0.2317495197057724,,0.149726390838623,0.2360448688268661,0.1394341140985489,0.0957053005695343,0.0748727396130561,0.1696246564388275,0.0876740887761116,,0.1333546191453933,0.0857276320457458,0.0725985988974571,0.1260219663381576,0.0766935870051384,,,0.074590653181076,0.0909198373556137,,0.120569109916687,0.1453156471252441,,
new_city,0.1019889861345291,0.1313878893852234,0.1542306989431381,0.2141342908143997,,0.2259534895420074,0.2076375484466552,0.1585022956132888,,0.1991143971681594,0.2556394636631012,,0.1463645994663238,,,,,0.0731975138187408,,0.1010551452636718,,0.0791967064142227,0.124889999628067,0.0622314922511577,0.0626227259635925,0.1354715228080749,,0.1003564000129699,,0.2051722109317779,,,,,,0.1353619992733001,,0.1883116960525512,0.0766935870051384,0.0510243810713291,0.1292428821325302,0.074590653181076,0.0855137035250663,,0.0767614394426345,0.10336934030056,,
urban_regeneration,0.198013037443161,0.1946895569562912,0.1017860621213913,0.1096125319600105,0.1932180821895599,0.1644944995641708,,0.1230763494968414,0.1854053288698196,0.0853054597973823,0.1021838262677192,0.1494589298963546,,0.1135992184281349,0.1412682682275772,0.0790000855922699,0.0559297576546669,0.0864705070853233,0.2116391211748123,0.0814193338155746,0.0847174301743507,0.0853569358587265,0.0609394311904907,0.219926655292511,0.1485696882009506,0.1754598468542099,0.1905639022588729,0.1475575417280197,0.1556903719902038,0.1402330547571182,0.143409714102745,0.0819379761815071,,0.0741414204239845,0.1298388391733169,0.0695987343788147,,0.1375245600938797,0.1869452744722366,0.0770935416221618,0.1598344892263412,0.1525216698646545,0.2630653083324432,0.1959341317415237,0.0911246836185455,0.1258197724819183,0.1002551466226577,0.0733031630516052
urban_sites,0.0729386433959007,0.0672151744365692,,0.1398054510354995,0.1932180821895599,0.1644944995641708,0.0882792770862579,0.0590427555143833,,,0.1021838262677192,0.2176267057657241,0.2698338031768799,0.10199785977602,0.1906871795654297,0.1449725776910781,0.1976638883352279,0.0793411508202552,0.1210281252861023,0.1272927969694137,0.1464711874723434,0.2259778529405594,0.1564563512802124,0.0805482119321823,0.1277174949645996,,0.1343717128038406,0.1475575417280197,0.0916531533002853,0.0723650157451629,0.1647289991378784,0.0831786766648292,0.0582886710762977,0.0551486834883689,0.0812767595052719,0.1267264783382415,0.1290142834186554,0.1293653547763824,0.1355716437101364,0.1448396146297454,0.3227429389953613,0.1765629947185516,0.0922285094857215,0.2159036993980407,0.076920211315155,,0.1144429817795753,
urbanism,0.0728036165237426,,0.0689127445220947,0.1064292713999748,0.1932180821895599,0.1644944995641708,0.1629635989665985,0.0932701677083969,0.1977569609880447,,0.105850264430046,0.1578924655914306,,0.10199785977602,0.1702691465616226,,,,0.1273624897003173,0.0606685355305671,0.1026984825730323,0.0875409767031669,0.0609394311904907,0.0805482119321823,0.1277174949645996,,0.1343717128038406,0.1475575417280197,,,0.1647289991378784,0.0790859907865524,,0.0601087994873523,0.0603679865598678,0.091625802218914,0.1290142834186554,0.1293653547763824,,,,0.0856595113873481,0.0922285094857215,0.0545343607664108,0.0758113041520118,,0.1144429817795753,
urban_area,0.1420104652643203,0.0735155418515205,0.2274942249059677,0.0641574189066886,0.1932180821895599,0.1644944995641708,,0.1710592359304428,0.0946413278579711,0.174278512597084,0.1179532557725906,,,0.10199785977602,0.1412682682275772,,0.0727462992072105,0.0501605346798896,0.0633263513445854,,0.1064759716391563,0.1159567087888717,0.1694767326116562,0.0805482119321823,0.0745782479643821,,0.1343717128038406,0.1475575417280197,0.0768016278743743,0.0598586574196815,0.0722177922725677,,0.1384238600730896,0.1769765019416809,0.1188678815960884,0.0985916256904602,0.0744316652417182,0.1293653547763824,0.1897519379854202,0.1173531413078308,,,0.0547276735305786,0.1090982556343078,0.115555539727211,0.1105598360300064,0.0813004374504089,
urban_planners,0.1449576467275619,,,0.070422776043415,0.1932180821895599,0.1644944995641708,0.164210557937622,0.0769469439983367,0.1195889487862587,0.1435739696025848,0.1981998085975647,0.0842515379190445,,0.10199785977602,0.1702691465616226,,0.1139282956719398,,0.1234315931797027,,0.1081332489848136,0.1179340705275535,0.1100731864571571,0.0805482119321823,0.2017094194889068,0.0802932754158973,0.1343717128038406,0.1475575417280197,0.1524034887552261,,0.1647289991378784,0.0790859907865524,0.1345580518245697,0.1093756854534149,,0.091625802218914,0.1290142834186554,0.1293653547763824,,,0.1534704267978668,0.1185380816459655,0.3532705008983612,0.0984908267855644,0.0758113041520118,0.092516042292118,0.1144429817795753,0.0727950036525726
new_building,0.1650219857692718,0.1260292083024978,0.0750235989689827,0.2209021002054214,0.1932180821895599,0.1644944995641708,0.0892445817589759,0.0752673000097274,0.1719493418931961,0.1168761998414993,0.1163051798939704,,0.1876489520072937,0.1839671581983566,0.1412682682275772,,,0.0764965116977691,0.2389780580997467,0.146479070186615,0.0560581721365451,0.0791967064142227,0.0892394483089447,0.0805482119321823,0.0745782479643821,0.1354715228080749,0.1343717128038406,0.2396816462278366,0.0659910067915916,0.2443999797105789,0.0790344178676605,0.1108277291059494,0.0653979778289794,0.1470589339733123,0.1523707062005996,0.2207186967134475,0.2321109622716903,0.1293653547763824,0.1295155733823776,0.1057689487934112,0.0922596305608749,,0.0547276735305786,,0.0896062180399894,0.10336934030056,0.0948399603366851,
urban_green,0.1309002190828323,,0.1483282893896103,0.110310360789299,0.1932180821895599,0.1644944995641708,,0.123885877430439,,,0.1021838262677192,,0.1844510585069656,0.10199785977602,0.1412682682275772,,,,0.0633263513445854,,,,0.0609394311904907,0.0805482119321823,0.1014762222766876,0.1816436201333999,0.1343717128038406,0.1475575417280197,,0.237972617149353,0.1278247982263565,0.1095957085490226,,0.0544320717453956,,0.0797621011734008,0.2518805563449859,0.1293653547763824,,,,0.1700323969125747,0.1768473237752914,,0.0643670633435249,,0.0859423652291297,
urban_environments,0.1656496226787567,0.0995194762945175,0.0997672379016876,0.233266070485115,0.1932180821895599,0.1644944995641708,0.2221415191888809,0.1021591126918792,0.07858607172966,,0.1021838262677192,0.165880873799324,0.130395621061325,0.10199785977602,0.1825092732906341,0.1886676847934723,0.1768213957548141,,0.1956812888383865,0.0997028276324272,0.2461036741733551,0.1222894638776779,0.1497043669223785,0.1726358532905578,0.1277174949645996,0.1803647428750991,0.1639443039894104,0.1475575417280197,0.1199835762381553,0.128261849284172,0.1647289991378784,0.0790859907865524,0.1733047813177108,0.0893442183732986,,0.1363238841295242,0.1290142834186554,0.1293653547763824,0.0917735919356346,0.1097127273678779,0.1284351944923401,0.124207429587841,0.1822335124015808,0.281301736831665,0.1562620252370834,,0.2015935778617859,0.1011794209480285
designer,0.2137426733970642,,0.1525596231222152,0.0633681491017341,0.179550215601921,0.0986553281545639,0.1665578782558441,0.150994136929512,,0.1113477349281311,0.0964007303118705,,,0.0739605352282524,0.1702691465616226,0.1147372722625732,,0.1320018768310547,0.3230908215045929,0.1766742318868637,0.0813257843255996,0.1306506693363189,0.0960963144898414,0.0916495844721794,0.1855417340993881,0.1435253918170929,0.1017264649271965,0.1301982402801513,,0.1241139471530914,0.1647289991378784,0.1603928059339523,,0.0551486834883689,0.1591357141733169,0.091625802218914,0.1290142834186554,,0.1781537532806396,0.1739891320466995,0.1527144461870193,,0.0922285094857215,,0.1017078831791877,0.1145867779850959,0.1144429817795753,0.1848757416009903
urban_spaces,0.1164273098111152,,,,0.1932180821895599,0.1644944995641708,0.1025391668081283,0.0769469439983367,0.2156726419925689,0.1435739696025848,0.1021838262677192,,0.0790726691484451,0.1104568243026733,0.1702691465616226,0.126349464058876,,,0.1234315931797027,0.0582599006593227,,0.1179340705275535,0.1100731864571571,0.0805482119321823,0.1277174949645996,,0.1343717128038406,0.1475575417280197,0.1524034887552261,0.2207119613885879,0.1647289991378784,0.0790859907865524,0.1345580518245697,0.1093756854534149,,0.091625802218914,0.1290142834186554,0.1293653547763824,,0.0616629384458065,0.0856858417391777,0.0589403882622718,0.0922285094857215,0.098120093345642,0.0758113041520118,0.092516042292118,0.1144429817795753,0.0925851687788963
neighbourhood_building,0.1650219857692718,0.1260292083024978,0.1215312257409095,0.2209021002054214,0.2512372434139251,0.1644944995641708,0.1140897646546363,0.2585803568363189,0.1719493418931961,0.1196172013878822,0.1163051798939704,0.097073033452034,0.1829804331064224,0.1839671581983566,0.1412682682275772,,0.0957255214452743,0.0740067735314369,0.2171971350908279,0.1290356367826461,0.1651519834995269,0.0758848264813423,0.3190392553806305,0.1953774541616439,0.0745782479643821,0.0953712686896324,0.1343717128038406,0.2396816462278366,0.0659910067915916,0.2443999797105789,0.1207277625799179,0.0620303936302661,0.0653979778289794,0.1470589339733123,0.1523707062005996,0.2624846696853637,0.2321109622716903,0.30396768450737,0.148676261305809,0.1761628687381744,0.2296458780765533,0.1401096582412719,0.0547276735305786,0.1108008697628974,0.0969616696238517,0.204166293144226,0.2091892659664154,0.084046334028244
urban_parks,0.0728036165237426,,,0.1535850912332534,0.1932180821895599,0.1644944995641708,0.1025391668081283,0.0795403942465782,0.1195889487862587,0.1435739696025848,0.1021838262677192,,0.1417770832777023,0.10199785977602,0.1702691465616226,0.1028458178043365,0.0727462992072105,0.1315740644931793,0.1234315931797027,,0.1064759716391563,0.1179340705275535,0.1100731864571571,0.0805482119321823,0.1277174949645996,,0.1343717128038406,0.1475575417280197,0.1524034887552261,0.1093781813979148,0.1647289991378784,0.0790859907865524,0.1345580518245697,0.1240828707814216,,0.091625802218914,0.1290142834186554,0.1293653547763824,0.1094127669930458,,0.0856858417391777,0.0589403882622718,0.0922285094857215,0.098120093345642,0.0758113041520118,0.092516042292118,0.1144429817795753,0.0844257771968841
historic_urban,0.0728036165237426,0.1417315602302551,0.1079308614134788,0.1173839569091796,0.1932180821895599,0.1644944995641708,0.1014387309551239,0.1158211752772331,,,0.1021838262677192,,0.1453713327646255,0.10199785977602,0.1702691465616226,0.2636599242687225,,0.0916503444314003,0.0633263513445854,0.1326869130134582,,0.0593469925224781,0.0609394311904907,0.0805482119321823,0.1277174949645996,0.0537341237068176,0.2212020009756088,0.1475575417280197,,,0.1647289991378784,0.0790859907865524,0.1003195345401763,0.0551486834883689,,0.091625802218914,0.1290142834186554,0.1293653547763824,,0.1738231778144836,0.1068054586648941,0.1327904909849167,0.0922285094857215,,0.1006086021661758,0.0752642825245857,0.1777024269104004,0.0757559463381767
apartment_design,0.1455970108509063,0.1281017661094665,0.1525596231222152,0.0633681491017341,0.179550215601921,0.0986553281545639,0.1665578782558441,0.150994136929512,0.1195889487862587,0.1435739696025848,0.0964007303118705,0.1244321018457412,0.2244578450918197,0.0739605352282524,0.2039331197738647,0.1218432709574699,0.1768213957548141,0.1320018768310547,0.3230908215045929,0.1766742318868637,0.2461036741733551,0.1306506693363189,0.2026816606521606,0.1370732188224792,0.1855417340993881,0.1435253918170929,0.1199623495340347,0.1301982402801513,0.1524034887552261,0.1648952811956405,0.1647289991378784,0.0914927348494529,0.1733047813177108,0.2112021446228027,0.0753229707479476,0.2637573778629303,0.1290142834186554,0.1196407079696655,0.1781537532806396,0.1062613204121589,0.0856858417391777,0.0589403882622718,0.0922285094857215,0.1172171384096145,0.2258678525686264,0.1145867779850959,0.2015935778617859,0.1117443814873695
apartment_building,0.1650219857692718,0.1281017661094665,0.0750235989689827,0.2209021002054214,0.1932180821895599,0.1644944995641708,0.1025391668081283,0.1255391389131546,0.1719493418931961,0.1435739696025848,0.1163051798939704,0.1244321018457412,0.2244578450918197,0.1839671581983566,0.1412682682275772,,0.1768213957548141,0.0899700820446014,0.1387261748313903,0.0997028276324272,0.2461036741733551,0.1202634572982788,0.2026816606521606,0.1044141203165054,0.0745782479643821,0.0640153884887695,0.1343717128038406,0.2396816462278366,0.1524034887552261,0.2443999797105789,0.1113042086362838,0.0914927348494529,0.1733047813177108,0.2112021446228027,0.1523707062005996,0.2637573778629303,0.2321109622716903,0.1619544476270675,0.1295155733823776,0.1062613204121589,0.0922596305608749,0.0589403882622718,0.0547276735305786,0.098120093345642,0.1534729152917862,0.092516042292118,0.2015935778617859,0.064706340432167
apartment_residents,0.1514460444450378,0.1281017661094665,0.1389840692281723,0.0539566837251186,0.1178164705634117,0.0670600980520248,0.1154728680849075,0.1255391389131546,0.1195889487862587,0.1435739696025848,0.0975446552038192,0.1568191945552826,0.2244578450918197,0.2507132887840271,0.1710458099842071,,0.1768213957548141,0.0899700820446014,0.1234315931797027,0.1168971806764602,0.2461036741733551,0.1202634572982788,0.2467721402645111,0.1044141203165054,0.1277174949645996,0.0524684339761734,0.1155869588255882,0.131318986415863,0.1524034887552261,0.1459138393402099,0.2330434471368789,0.0914927348494529,0.1733047813177108,0.2112021446228027,0.0753229707479476,0.2637573778629303,0.2456798255443573,0.121082529425621,0.1414677947759628,0.1062613204121589,0.1682090014219284,0.1520066559314727,0.1765891164541244,0.1102357357740402,0.1534729152917862,0.1041207015514373,0.2015935778617859,0.064706340432167
neighborhood_environment,,0.1109630316495895,0.0780452862381935,0.233266070485115,,0.06600983440876,,0.2145769000053405,0.2242670655250549,0.1196172013878822,,0.097073033452034,0.1776650249958038,0.1229739561676979,0.1825092732906341,0.1886676847934723,0.1768213957548141,0.1840698570013046,0.082933560013771,0.1401845961809158,0.2461036741733551,0.1875543147325515,0.1497043669223785,0.1531573086977005,,0.1803647428750991,0.1639443039894104,,0.0591097734868526,0.128261849284172,0.0867941081523895,0.1864561587572097,0.1733047813177108,0.0668079331517219,,0.1363238841295242,0.12703438103199,0.1249350756406784,0.148676261305809,0.1761628687381744,0.2296458780765533,,,0.0795071944594383,0.1041937172412872,0.1245130598545074,0.2015935778617859,0.1985452771186828
neighborhood_appreciation,,0.1109630316495895,0.0938249602913856,0.13727368414402,0.1178164705634117,0.1544617414474487,0.1639718860387802,0.1674110442399978,0.2242670655250549,0.1435739696025848,,0.097073033452034,0.1776650249958038,0.0569943226873874,0.109784610569477,0.0594674721360206,0.2709801793098449,0.1840698570013046,0.1234315931797027,0.1146568730473518,0.1561567485332489,0.1875543147325515,0.2586813867092132,0.172867938876152,0.1312351375818252,,0.0911849811673164,,0.1524034887552261,0.0630287155508995,0.0957633405923843,0.1864561587572097,0.1345580518245697,0.1093756854534149,,0.1072290912270546,0.0798377990722656,0.1249350756406784,0.148676261305809,0.1761628687381744,0.2296458780765533,0.0831121578812599,,0.098120093345642,0.1041937172412872,0.1245130598545074,0.0721603706479072,0.1985452771186828
residential_neighborhood,0.136340245604515,0.148700401186943,0.1389840692281723,0.0806305408477783,0.1124437153339386,0.1806820631027221,0.1332168579101562,0.0991404056549072,0.2242670655250549,0.1360402405261993,0.1373960226774215,0.1725941151380539,0.1776650249958038,0.2507132887840271,0.1702691465616226,0.0594674721360206,0.1171375066041946,0.1840698570013046,0.1627503931522369,0.1168971806764602,0.1561567485332489,0.1875543147325515,0.2467721402645111,0.1531573086977005,0.1277174949645996,0.205514058470726,0.1155869588255882,0.131318986415863,0.1107483208179473,0.1459138393402099,0.1647289991378784,0.1864561587572097,0.2562225759029388,0.1683441549539566,0.0543363280594348,0.1695628613233566,0.2456798255443573,0.1249350756406784,0.148676261305809,0.1761628687381744,0.2296458780765533,0.076450414955616,0.1765891164541244,0.1102357357740402,0.1317175328731537,0.1245130598545074,0.1144429817795753,0.1985452771186828
young_urban,0.0818764269351959,0.1260292083024978,0.0889409333467483,0.2209021002054214,0.1932180821895599,0.1644944995641708,,0.0590427555143833,,0.1502277553081512,0.1368640512228012,0.1140609607100486,0.1829804331064224,0.1066212952136993,0.1691614836454391,0.0637384429574012,0.1225931867957115,,0.1387261748313903,,,0.0758848264813423,0.0609394311904907,0.0805482119321823,0.0826712101697921,0.0871653407812118,0.2591345906257629,0.2396816462278366,0.1135616302490234,0.1695282757282257,0.0722177922725677,0.1400947868824005,0.1668431758880615,0.1305534541606903,0.1523707062005996,0.2207186967134475,,0.1293653547763824,0.1615580916404724,0.0943637862801551,0.075761966407299,,0.0547276735305786,,,0.1033298000693321,0.0813004374504089,0.1904144883155822
urban_form,0.0728036165237426,,,0.1053265184164047,0.1932180821895599,0.1644944995641708,0.0669063255190849,0.0590427555143833,,0.0631535202264785,0.1735905110836029,0.200430229306221,0.1906412243843078,0.10199785977602,0.1412682682275772,0.1252086758613586,0.1261052936315536,0.1450969874858856,0.1456635743379593,,,,0.0684002861380577,0.0805482119321823,0.0745782479643821,0.09119713306427,0.1343717128038406,0.1475575417280197,0.1568262428045272,,0.1378874629735946,,,0.0889783278107643,,0.0695987343788147,,0.1293653547763824,,0.112281784415245,0.2323817759752273,0.1936688423156738,0.0694124102592468,,,,0.0813004374504089,0.1204912140965461
urban_design,0.1688151210546493,,0.1525596231222152,0.0691844597458839,0.1932180821895599,0.1644944995641708,0.415639191865921,0.150994136929512,0.1686647534370422,0.1922035068273544,0.1669226586818695,0.1503373831510543,,0.10199785977602,0.1702691465616226,0.1147372722625732,,0.1320018768310547,0.3230908215045929,0.1766742318868637,0.0813257843255996,0.1306506693363189,0.1157673969864845,0.0805482119321823,0.1855417340993881,0.1842970997095108,0.1343717128038406,0.1475575417280197,,0.1241139471530914,0.1647289991378784,0.2731848359107971,,0.0551486834883689,,0.091625802218914,0.1290142834186554,0.1293653547763824,0.1781537532806396,,,,0.0922285094857215,,0.0991323813796043,0.1145867779850959,0.1144429817795753,0.2205098122358322
housing_development,0.1159231960773468,0.1260292083024978,,0.2209021002054214,0.2112057954072952,0.1644944995641708,0.1300038695335388,0.0916409194469451,0.1195889487862587,0.1435739696025848,0.1163051798939704,0.1074180901050567,0.1829804331064224,0.10199785977602,0.1702691465616226,0.0824528187513351,0.1768213957548141,0.1524126678705215,0.1496528834104538,0.0997028276324272,0.2461036741733551,0.1179340705275535,0.1543872505426406,0.1375560015439987,0.2124921977519989,0.0527431778609752,0.1421079337596893,0.2396816462278366,0.1524034887552261,0.128261849284172,0.1647289991378784,0.0790859907865524,0.2789218723773956,0.1305534541606903,0.152943268418312,0.2207186967134475,0.152821809053421,0.1293653547763824,0.1295155733823776,0.0943637862801551,0.0927677378058433,0.1090673729777336,0.0944127142429351,0.1293867528438568,0.0851237699389457,0.092516042292118,0.2015935778617859,
neighborhood_level,,0.1415617913007736,0.0568602047860622,0.0806305408477783,,0.0963484868407249,0.127060666680336,0.1118331775069236,0.2242670655250549,0.1196172013878822,0.05683334171772,0.248322919011116,0.1776650249958038,0.1507154554128646,0.109784610569477,0.0594674721360206,0.1273763179779052,0.2361618280410766,0.1180394664406776,0.0903818234801292,0.1561567485332489,0.1875543147325515,0.1290977895259857,0.1531573086977005,,0.0573020428419113,0.0911849811673164,,0.087396465241909,0.1477124989032745,0.0867941081523895,0.1864561587572097,0.0586084388196468,,,0.1488957703113556,0.0995309352874755,0.1249350756406784,0.148676261305809,0.1761628687381744,0.2296458780765533,0.0678166598081588,0.0725282654166221,0.1218784302473068,0.1041937172412872,0.1630634069442749,0.057448323816061,0.1985452771186828
public_housing,0.1163105219602584,0.1260292083024978,,0.2209021002054214,0.1932180821895599,0.177836999297142,0.1622861474752426,0.0961886495351791,0.1195889487862587,0.1435739696025848,0.1163051798939704,,0.1829804331064224,0.10199785977602,0.2101411521434784,,0.0585484243929386,,0.2780443727970123,0.1012073755264282,0.145743265748024,0.1179340705275535,0.2199631333351135,0.0805482119321823,0.1277174949645996,0.0527431778609752,0.1421079337596893,0.2396816462278366,0.1524034887552261,,0.1647289991378784,0.1627643853425979,0.1440002769231796,0.1305534541606903,0.152943268418312,0.2207186967134475,0.1290142834186554,0.1293653547763824,0.1295155733823776,0.0943637862801551,0.0856858417391777,0.0589403882622718,0.0993005782365799,0.1037574559450149,0.1644798815250396,0.092516042292118,0.1162987723946571,0.2009965479373932
commodity_housing,0.3077695071697235,0.1260292083024978,0.1556687951087951,0.2209021002054214,0.1932180821895599,0.1644944995641708,0.1800575852394104,0.1032529026269912,0.0808284953236579,0.1444667279720306,0.1163051798939704,,0.1829804331064224,0.1133331656455993,0.1702691465616226,,,0.2659626603126526,0.1387261748313903,0.1511436551809311,0.101403146982193,0.0758848264813423,0.0854134783148765,0.140245720744133,0.1277174949645996,0.2911338210105896,0.1421079337596893,0.2396816462278366,0.1642371118068695,,0.1647289991378784,0.0790859907865524,0.1440002769231796,0.1305534541606903,0.152943268418312,0.2207186967134475,0.3220608830451965,0.1293653547763824,0.1295155733823776,0.2073625922203064,,,0.1065191626548767,0.1463713943958282,0.0896671786904335,,0.1144429817795753,0.1050569415092468
neighborhood_characteristics,,0.1109630316495895,,0.1308541595935821,,,0.0882713869214057,0.2034718990325927,0.2242670655250549,0.1211923584342002,0.0580448471009731,0.1712279319763183,0.2299894988536834,0.1464029252529144,0.2196604162454605,0.1413692235946655,0.1940965950489044,0.1840698570013046,0.290197342634201,0.1066263914108276,0.1561567485332489,0.1875543147325515,0.1290977895259857,0.237453430891037,0.2089128941297531,0.0775591507554054,0.1043088883161544,0.1301982402801513,0.0735682398080825,0.0808764696121215,0.1647289991378784,0.1864561587572097,0.1253052800893783,0.1240828707814216,,0.172122836112976,0.1290142834186554,0.1249350756406784,0.1834814250469207,0.1761628687381744,0.2296458780765533,,0.0922285094857215,0.0842261910438537,0.1041937172412872,0.1312469989061355,0.2064432203769683,0.1985452771186828
urban_cities,0.0728036165237426,,0.0514662116765975,,0.1932180821895599,0.1644944995641708,0.0882713869214057,0.0590427555143833,0.0800255089998245,,0.1021838262677192,,,0.2327768057584762,0.1702691465616226,0.0972675010561943,0.0975502133369445,0.0707794800400734,0.1327817142009735,0.0532781071960926,0.0589452870190143,0.0593469925224781,0.0609394311904907,0.1051134914159774,0.1277174949645996,,0.1343717128038406,0.1475575417280197,0.3365595638751983,,0.1647289991378784,0.0790859907865524,0.203186497092247,0.0551486834883689,0.1294430196285247,0.1434728354215622,0.1290142834186554,0.1293653547763824,0.0873072296380996,0.1115737482905387,,,0.0922285094857215,,0.220120221376419,,0.1144429817795753,
urban_hukou,0.0728036165237426,,0.0567791648209095,0.0572771430015563,0.1932180821895599,0.1644944995641708,0.1516220420598983,0.0590427555143833,0.1909223049879074,0.1030760109424591,0.1021838262677192,0.0905404835939407,,0.10199785977602,0.1412682682275772,0.0669244155287742,0.1657056957483291,,0.0633263513445854,0.1307375729084015,,,0.2666707336902618,0.0805482119321823,0.0745782479643821,,0.1343717128038406,0.1475575417280197,0.0567623674869537,,0.0722177922725677,,,0.0993310064077377,0.2375139594078064,0.2008273601531982,0.1160768195986747,0.1293653547763824,,0.2387895733118057,0.1188630983233451,0.0747338831424713,0.0704652741551399,,0.1061106473207473,0.1052235066890716,0.0813004374504089,0.1415727138519287
urban_renewal,0.0822018682956695,,,,0.1932180821895599,0.1687356382608413,,0.125049352645874,,,0.1674998998641967,,0.0666317418217659,0.1938047111034393,0.1412682682275772,,,,0.0633263513445854,,,0.0791967064142227,0.0609394311904907,0.0805482119321823,0.1014949530363082,0.1354715228080749,0.1978158056735992,0.1475575417280197,,0.2051722109317779,0.0722177922725677,,0.1779374480247497,0.0850252285599708,,0.1353619992733001,,0.1293653547763824,,,,,0.0547276735305786,,0.0767614394426345,0.10336934030056,0.0813004374504089,
neurourbanism,0.0728036165237426,0.0704322531819343,0.1541301310062408,0.1064292713999748,0.1932180821895599,0.1644944995641708,0.1629635989665985,0.1341539621353149,0.2562915086746216,0.1149165779352188,0.1773261129856109,0.1578924655914306,0.130395621061325,0.10199785977602,0.1825092732906341,0.1606280952692031,0.1923921406269073,0.3136163055896759,0.1273624897003173,0.0891271159052848,0.1026984825730323,0.2649728655815124,0.0609394311904907,0.1627776473760604,0.1277174949645996,0.1803647428750991,0.1639443039894104,0.1475575417280197,0.0895961821079254,0.0721197202801704,0.1647289991378784,0.0790859907865524,0.0706331357359886,0.0601087994873523,0.0603679865598678,0.091625802218914,0.1290142834186554,0.1293653547763824,0.0718933939933776,0.1066165268421173,0.1284351944923401,0.0856595113873481,0.0922285094857215,0.1015657037496566,0.079718217253685,0.1819581389427185,0.1144429817795753,0.1011794209480285
dweller,0.078839436173439,,0.1266354769468307,0.0750975310802459,0.148827850818634,,,0.0557903610169887,0.161264881491661,0.1201196536421775,,0.1523905992507934,0.1077361404895782,0.1048122197389602,0.2423041015863418,0.1643849611282348,0.1479168832302093,0.0590244866907596,0.0780482292175293,0.0732188299298286,,0.0581966154277324,0.1514825373888015,0.0912941917777061,,0.2313943207263946,0.1027720868587493,0.0912344008684158,0.0714174136519432,,0.1691712439060211,0.0810156390070915,0.0720184817910194,,0.1255282014608383,0.1504310965538025,,0.0961519032716751,,0.136183425784111,,,0.0582984015345573,0.1151766404509544,0.1091909408569336,0.1031944826245307,0.1768761724233627,0.148615151643753
urban_density,0.1116890907287597,0.0672151744365692,,0.1398054510354995,0.1932180821895599,0.1644944995641708,0.0882713869214057,0.1640332192182541,,0.0784352123737335,0.1190800368785858,0.2191127687692642,0.2698338031768799,0.1652259230613708,0.1702691465616226,0.1207648664712905,,0.0754583477973938,0.0633263513445854,0.0757871121168136,0.1309028416872024,0.2218910157680511,0.1972688138484954,0.0805482119321823,0.1277174949645996,0.0653601512312889,0.2418387979269027,0.1475575417280197,,0.0723650157451629,0.1647289991378784,0.1045636385679245,0.0601480677723884,0.1084894761443138,0.1477302461862564,0.091625802218914,0.1485838443040847,0.1293653547763824,0.1355716437101364,,,0.1765629947185516,0.0922285094857215,0.2159036993980407,0.0778470635414123,0.1192293614149093,0.2247373014688491,0.1269130855798721
habitat_design,0.1021564751863479,0.0644254684448242,0.1525596231222152,0.0633681491017341,0.179550215601921,0.2215282618999481,0.1665578782558441,0.150994136929512,0.2486613243818283,0.1299783289432525,0.0964007303118705,0.2257114648818969,0.0801993757486343,0.1181790828704834,0.1702691465616226,0.1147372722625732,,0.1320018768310547,0.3230908215045929,0.1766742318868637,0.179078534245491,0.1306506693363189,0.0960963144898414,0.0742401853203773,0.2122756838798523,0.1435253918170929,0.0842588692903518,0.1301982402801513,0.0625202059745788,0.1241139471530914,0.1647289991378784,0.117748312652111,0.1372060179710388,0.1639067977666854,0.1273023933172226,0.091625802218914,0.1918499618768692,0.1410120576620102,0.1781537532806396,0.1034334078431129,,0.1326564699411392,0.1641394942998886,0.1265811771154403,0.0991323813796043,0.1518433839082718,0.1144429817795753,0.1117443814873695
neighborhood_retail,0.051175557076931,0.143055111169815,0.1338892430067062,0.1704053878784179,0.0606108792126178,0.0778639540076255,0.1860008090734481,0.0857571884989738,0.2242670655250549,0.1215997114777565,0.0992290377616882,0.097073033452034,0.1776650249958038,0.221179649233818,0.109784610569477,0.0594674721360206,0.1024425849318504,0.1840698570013046,0.0501777417957782,0.0903818234801292,0.1561567485332489,0.1968468725681305,0.1290977895259857,0.1531573086977005,0.061144758015871,0.0875966325402259,0.0911849811673164,,0.0591097734868526,0.166033998131752,0.0867941081523895,0.1864561587572097,0.0586084388196468,,,0.1072290912270546,0.0798377990722656,0.1249350756406784,0.148676261305809,0.1761628687381744,0.2296458780765533,0.0509361177682876,,,0.1041937172412872,0.1245130598545074,0.057448323816061,0.1985452771186828
english_housing,0.0728036165237426,0.1260292083024978,0.1083611026406288,0.2209021002054214,0.1932180821895599,0.1644944995641708,0.0882713869214057,0.0590427555143833,0.0808284953236579,0.0964454934000969,0.1163051798939704,,0.2207764685153961,0.10199785977602,0.1702691465616226,0.1335595548152923,,,0.1387261748313903,0.1374955922365188,,0.0758848264813423,0.0854134783148765,0.1418740153312683,0.1277174949645996,0.1382308453321457,0.1421079337596893,0.2396816462278366,0.0659910067915916,0.1305743008852005,0.1647289991378784,0.0790859907865524,0.1440002769231796,0.1305534541606903,0.152943268418312,0.2207186967134475,0.1290142834186554,0.1818200796842575,0.1295155733823776,0.0943637862801551,0.1449024826288223,0.2550884783267975,0.0944127142429351,0.1037574559450149,0.0818330869078636,,0.1144429817795753,0.117129847407341
housing_quality,0.0728036165237426,0.1260292083024978,0.0834230706095695,0.2209021002054214,0.1932180821895599,0.1644944995641708,0.1201698258519172,0.0957289189100265,0.0808284953236579,0.1471795439720153,0.1163051798939704,,0.1829804331064224,0.117456242442131,0.1702691465616226,,0.1076674908399581,,0.1387261748313903,0.0761364698410034,0.0905237793922424,0.1797982305288314,0.169728398323059,0.0805482119321823,0.1277174949645996,0.1117442846298217,0.1421079337596893,0.2396816462278366,0.1430939882993698,0.1078232824802398,0.1647289991378784,0.1713499873876571,0.1440002769231796,0.1705292314291,0.152943268418312,0.2207186967134475,0.1502028554677963,0.1293653547763824,0.1542608439922332,0.0943637862801551,,0.0878553763031959,0.0944127142429351,0.1037574559450149,0.0758113041520118,0.0841925963759422,0.1144429817795753,0.0906566753983497
housing_factors,0.0728036165237426,0.1588585376739502,,0.2209021002054214,0.1932180821895599,0.1644944995641708,0.1625467389822006,0.0953298211097717,0.0808284953236579,0.0708806291222572,0.1163051798939704,0.0841059759259224,0.2299894988536834,0.1464029252529144,0.1702691465616226,0.05330416187644,0.0631707161664962,,0.1451338082551956,0.2275299280881881,0.1582680940628051,0.1714513897895813,0.0854134783148765,0.2508834600448608,0.1541117429733276,0.2197485864162445,0.1421079337596893,0.2396816462278366,0.0735682398080825,0.0544136948883533,0.1647289991378784,0.0790859907865524,0.1440002769231796,0.1305534541606903,0.152943268418312,0.2207186967134475,0.1290142834186554,0.1924871057271957,0.1834814250469207,0.0943637862801551,0.0897965431213378,0.0638696998357772,0.0944127142429351,0.1037574559450149,0.0758113041520118,,0.2064432203769683,0.138667419552803
personal_housing,0.0728036165237426,0.1260292083024978,0.180380493402481,0.2209021002054214,0.1932180821895599,0.1644944995641708,0.1025391668081283,0.0769469439983367,0.1195889487862587,0.2265413403511047,0.127950981259346,0.0608368031680583,0.1829804331064224,0.10199785977602,0.1702691465616226,0.0702086463570594,0.1936920136213302,0.0526759140193462,0.1514593511819839,0.0571893602609634,,0.1179340705275535,0.1100731864571571,0.3526525795459747,0.2063578367233276,0.1807720214128494,0.1421079337596893,0.2396816462278366,0.1524034887552261,0.1560422927141189,0.1647289991378784,0.0790859907865524,0.1440002769231796,0.1873170882463455,0.152943268418312,0.2207186967134475,0.1290142834186554,0.2199875712394714,0.1295155733823776,0.1345301866531372,0.0990801230072975,0.077763482928276,0.0944127142429351,0.1226031556725502,0.0770291537046432,0.117755115032196,0.2202028930187225,0.0573882944881916
same_neighborhood,,0.1109630316495895,0.0942976921796798,0.1197345331311225,,,0.0882713869214057,0.0857571884989738,0.2242670655250549,0.1196172013878822,,0.097073033452034,0.2773968577384949,0.1360147893428802,0.1702691465616226,0.0594674721360206,0.1024425849318504,0.1840698570013046,0.1213885471224784,0.0903818234801292,0.1561567485332489,0.1875543147325515,0.1290977895259857,0.1531573086977005,0.1277174949645996,,0.0911849811673164,0.1301982402801513,0.0644475221633911,0.0805393531918525,0.1647289991378784,0.1864561587572097,0.0586084388196468,0.0551486834883689,,0.1072290912270546,0.1290142834186554,0.1249350756406784,0.148676261305809,0.1761628687381744,0.2296458780765533,,0.0922285094857215,,0.1041937172412872,0.1873111426830291,0.1297759413719177,0.1985452771186828
ses_neighborhoods,,0.1109630316495895,,0.0806305408477783,0.123718574643135,,0.0882713869214057,0.0857571884989738,0.2242670655250549,0.1465965211391449,,0.1983487010002136,0.1776650249958038,0.0739605352282524,0.1702691465616226,0.0594674721360206,0.1024425849318504,0.1840698570013046,0.0690911412239074,0.1483565419912338,0.1561567485332489,0.1875543147325515,0.164803072810173,0.1531573086977005,0.1277174949645996,,0.121864803135395,0.2502916157245636,0.0705907344818115,0.0630287155508995,0.1647289991378784,0.1864561587572097,0.0586084388196468,0.0551486834883689,,0.1072290912270546,0.1870841085910797,0.1249350756406784,0.148676261305809,0.1761628687381744,0.2296458780765533,,0.0922285094857215,,0.1041937172412872,0.1245130598545074,0.1144429817795753,0.1985452771186828
income_neighborhoods,0.1528089493513107,0.2018426060676574,0.1626521497964859,0.0806305408477783,0.1263544112443924,0.1042912453413009,0.2166080623865127,0.0857571884989738,0.2242670655250549,0.1196172013878822,,0.1052759066224098,0.1776650249958038,0.0739605352282524,0.1702691465616226,0.232956126332283,0.1024425849318504,0.1840698570013046,0.1481343060731887,0.0929678604006767,0.1561567485332489,0.1875543147325515,0.1290977895259857,0.2720616459846496,0.2167400270700454,0.2270404994487762,0.0947302058339119,0.1598309874534607,0.0591097734868526,0.2551709413528442,0.1647289991378784,0.1864561587572097,0.0586084388196468,0.1472689360380172,,0.2079682499170303,0.1290142834186554,0.1393560618162155,0.148676261305809,0.1761628687381744,0.2296458780765533,0.196676030755043,0.1295470595359802,0.0803269892930984,0.1041937172412872,0.1569451987743377,0.1144429817795753,0.2117808610200882
neighborhood_income,0.1630273312330246,0.2018426060676574,0.0610163807868957,0.0831734165549278,0.1263544112443924,0.178177535533905,,0.0982241854071617,0.2242670655250549,0.1196172013878822,0.145900696516037,0.097073033452034,0.1776650249958038,,0.109784610569477,0.232956126332283,0.1024425849318504,0.1840698570013046,,0.0903818234801292,0.1561567485332489,0.1875543147325515,0.1290977895259857,0.2720616459846496,0.099615141749382,,0.1204046159982681,0.1598309874534607,0.0591097734868526,0.2551709413528442,0.0867941081523895,0.1864561587572097,0.0586084388196468,0.1033614873886108,,0.1072290912270546,0.0798377990722656,0.1393560618162155,0.148676261305809,0.1761628687381744,0.2296458780765533,0.196676030755043,0.1341166049242019,0.0803269892930984,0.1041937172412872,0.1569451987743377,0.0736348703503608,0.2117808610200882
megacity,0.0828083753585815,0.1313878893852234,0.1542306989431381,0.2141342908143997,,0.1060397028923034,0.0968833789229393,0.0794229656457901,,0.1991143971681594,0.2556394636631012,,0.1463645994663238,0.0807401686906814,0.0530255697667598,0.1182906851172447,0.1423847079277038,0.0731975138187408,0.2398721426725387,0.0780147165060043,0.1274825483560562,0.1147358864545822,,0.0622314922511577,0.1779392659664154,0.1531420648097992,,0.0704882219433784,0.2219305634498596,0.0957053005695343,0.0602614283561706,,,0.0781794264912605,,,,,0.0766935870051384,,,0.1477686911821365,0.0855137035250663,,,,,0.0642132014036178
neighborhood_impact,0.0653091222047805,0.1109630316495895,0.1269292831420898,0.1308541595935821,0.1178164705634117,,0.1025391668081283,0.1156837120652198,0.2242670655250549,0.1435739696025848,0.067425787448883,0.097073033452034,0.2299894988536834,0.1464029252529144,0.109784610569477,0.1580942869186401,0.1024425849318504,0.1840698570013046,0.1829033344984054,0.1066263914108276,0.1561567485332489,0.1875543147325515,0.1290977895259857,0.1531573086977005,,0.2411559671163559,0.1821731925010681,0.1136941164731979,0.1524034887552261,0.0630287155508995,0.0957633405923843,0.1864561587572097,0.1438209116458892,0.1093756854534149,,0.1159734576940536,0.0930945351719856,0.1249350756406784,0.1834814250469207,0.1761628687381744,0.2296458780765533,0.0589403882622718,0.1689732074737548,0.098120093345642,0.1188644766807556,0.1245130598545074,0.2064432203769683,0.1985452771186828
neighborhood_planning,0.1449576467275619,0.1535029858350753,,0.2209021002054214,0.1888622492551803,,0.1025391668081283,0.0949151590466499,0.2242670655250549,0.1435739696025848,0.1981998085975647,0.097073033452034,0.1829804331064224,0.1696033924818039,0.1553793400526046,0.1000442802906036,0.1024425849318504,0.1840698570013046,0.1387261748313903,0.0903818234801292,0.1561567485332489,0.1875543147325515,0.1290977895259857,0.1531573086977005,0.2017094194889068,0.1663421839475631,0.1257587075233459,0.2396816462278366,0.1524034887552261,0.0630287155508995,0.0957633405923843,0.1864561587572097,0.1345580518245697,0.1378889977931976,0.1523707062005996,0.2207186967134475,0.1729205250740051,0.1249350756406784,0.148676261305809,0.1761628687381744,0.2296458780765533,0.1230824440717697,0.1731556355953216,0.1606874316930771,0.1041937172412872,0.1245130598545074,0.0762249529361724,0.1985452771186828
neighborhood_satisfaction,0.0890273749828338,0.1109630316495895,,0.191399872303009,0.1094783693552017,,0.0882713869214057,0.0857571884989738,0.2242670655250549,0.1196172013878822,,0.1119324788451194,0.2299894988536834,0.1464029252529144,0.1702691465616226,0.0594674721360206,0.1024425849318504,0.1840698570013046,0.1451338082551956,0.2275299280881881,0.1561567485332489,0.1875543147325515,0.1290977895259857,0.1531573086977005,0.1277174949645996,0.2197485864162445,0.0911849811673164,0.1301982402801513,0.0735682398080825,0.1263005137443542,0.1647289991378784,0.1864561587572097,0.0586084388196468,0.0551486834883689,0.07874745875597,0.1159734576940536,0.1290142834186554,0.1249350756406784,0.1834814250469207,0.1761628687381744,0.2296458780765533,,0.1499002873897552,,0.1041937172412872,0.1245130598545074,0.2064432203769683,0.1985452771186828
courtyard_design,0.1021564751863479,,0.1525596231222152,0.0633681491017341,0.1932180821895599,0.1644944995641708,0.1665578782558441,0.150994136929512,,0.1113477349281311,0.1021838262677192,0.0798976346850395,0.181196928024292,0.10199785977602,0.1785801351070404,0.1147372722625732,0.161427840590477,0.1320018768310547,0.3230908215045929,0.1766742318868637,0.1064759716391563,0.157892644405365,0.0960963144898414,0.0805482119321823,0.1855417340993881,0.1435253918170929,0.1343717128038406,0.1475575417280197,0.1304195523262024,0.1241139471530914,0.1647289991378784,0.1896856427192688,0.1253052800893783,0.2346482127904892,0.1433298587799072,0.091625802218914,0.1875396221876144,0.1360790878534317,0.1781537532806396,0.0912166610360145,0.0852984488010406,0.1150375604629516,0.1097688153386116,0.149726927280426,0.1188184916973114,0.1145867779850959,0.1144429817795753,0.1351643204689026
neighborhood_built,0.1151924580335617,0.1408250331878662,0.0950947180390358,0.0806305408477783,0.1932180821895599,0.1646437346935272,0.1583884507417678,0.0857571884989738,0.2242670655250549,0.1196172013878822,0.124795563519001,0.097073033452034,0.1776650249958038,0.10199785977602,0.1412682682275772,0.0594674721360206,0.1024425849318504,0.1840698570013046,0.1353824734687805,0.1546163260936737,0.1561567485332489,0.1875543147325515,0.1290977895259857,0.1531573086977005,0.0777142494916915,0.0567478388547897,0.1343717128038406,0.1475575417280197,0.1143397912383079,0.0630287155508995,0.0867941081523895,0.1864561587572097,0.1802382320165634,0.1430564671754837,0.1122185885906219,0.1949315071105957,0.0899462923407554,0.1293653547763824,0.148676261305809,0.1761628687381744,0.2296458780765533,0.1292297840118408,0.1899184882640838,,0.1041937172412872,0.1245130598545074,0.0813004374504089,0.1985452771186828
neighborhood_disorder,,0.1109630316495895,0.1669656336307525,0.1961778104305267,0.164566695690155,,0.0882713869214057,0.0857571884989738,0.2242670655250549,0.1583700180053711,0.0534955076873302,0.097073033452034,0.1776650249958038,0.0874231308698654,0.1702691465616226,0.1030820310115814,0.3609497547149658,0.1840698570013046,,0.0903818234801292,0.190602421760559,0.1875543147325515,0.1290977895259857,0.1531573086977005,0.1277174949645996,,0.0974598675966262,0.1301982402801513,0.0591097734868526,0.1183881759643554,0.1647289991378784,0.1864561587572097,0.0783427879214286,0.0551486834883689,,0.1869546324014663,0.1290142834186554,0.1249350756406784,0.148676261305809,0.2511213719844818,0.2296458780765533,,0.0922285094857215,0.1406569480895996,0.1041937172412872,0.1245130598545074,0.1144429817795753,0.1985452771186828
housing_neighborhoods,0.0728036165237426,0.1260292083024978,,0.2209021002054214,0.1932180821895599,0.1644944995641708,0.0882713869214057,0.0857571884989738,0.2242670655250549,0.1196172013878822,0.1163051798939704,0.1304703652858734,0.1829804331064224,0.10199785977602,0.1702691465616226,0.0594674721360206,0.1181890964508056,0.1840698570013046,0.1462050080299377,0.1249284818768501,0.1561567485332489,0.1875543147325515,0.1290977895259857,0.1531573086977005,0.2049685418605804,0.0775980353355407,0.1421079337596893,0.2396816462278366,0.0659910067915916,0.0630287155508995,0.1647289991378784,0.1864561587572097,0.1440002769231796,0.1305534541606903,0.152943268418312,0.2207186967134475,0.1290142834186554,0.1293653547763824,0.148676261305809,0.1761628687381744,0.2296458780765533,,0.1070712357759475,0.1037574559450149,0.1041937172412872,0.1245130598545074,0.1731650829315185,0.1985452771186828
cluster_buildings,0.1650219857692718,0.1260292083024978,0.0931678637862205,0.2209021002054214,0.2963410019874573,0.1644944995641708,0.0936325788497924,0.0752673000097274,0.1719493418931961,0.1168761998414993,0.1163051798939704,,0.1829804331064224,0.1839671581983566,0.2318591624498367,,0.1644221544265747,,0.1387261748313903,0.0901984795928001,0.0560581721365451,0.0758848264813423,0.0892394483089447,0.0805482119321823,0.1277174949645996,0.1191963851451873,0.1417338997125625,0.2396816462278366,0.0659910067915916,0.2443999797105789,0.1647289991378784,0.0790859907865524,0.1255096346139907,0.1470589339733123,0.1523707062005996,0.2207186967134475,0.2321109622716903,0.1293653547763824,0.1295155733823776,0.0943637862801551,0.1029082089662551,,0.1605484783649444,,0.1369253098964691,0.0808237046003341,0.1144429817795753,0.1000104323029518
urban_structure,0.0728036165237426,0.100789688527584,,,0.1932180821895599,0.1644944995641708,0.0882713869214057,0.0590427555143833,0.0931985005736351,0.0602850876748561,0.1053395047783851,0.1468140184879303,0.0864104852080345,0.2491998225450515,0.1702691465616226,0.1407844722270965,0.0563535131514072,,0.2006565481424331,,0.0520750731229782,0.0593469925224781,0.1180591285228729,0.1077136322855949,0.1277174949645996,0.1110942587256431,0.1343717128038406,0.1475575417280197,0.0969332903623581,0.1650147289037704,0.1647289991378784,0.0790859907865524,,0.0551486834883689,0.1716278344392776,0.2049285918474197,0.1290142834186554,0.1293653547763824,,0.1308910995721817,0.2700304985046386,0.0868824124336242,0.0922285094857215,0.1455734521150589,0.0758113041520118,0.0559956468641757,0.1144429817795753,
housing_characteristics,0.0728036165237426,0.1260292083024978,0.1160308569669723,0.2209021002054214,0.1932180821895599,0.1644944995641708,0.0882713869214057,0.2034718990325927,0.1254007369279861,0.1091867312788963,0.1163051798939704,,0.2299894988536834,0.1464029252529144,0.2196604162454605,,0.1940965950489044,,0.1735811233520507,0.1066263914108276,0.1593913435935974,0.0758848264813423,0.1268689930438995,0.1073311567306518,0.1325632035732269,0.0989624187350273,0.1421079337596893,0.2396816462278366,0.0735682398080825,0.0808764696121215,0.1647289991378784,0.0790859907865524,0.1440002769231796,0.1523149758577346,0.152943268418312,0.2207186967134475,0.1290142834186554,0.1293653547763824,0.1834814250469207,0.1064237430691719,,,0.0944127142429351,0.1037574559450149,0.1178773343563079,,0.2064432203769683,0.075953371822834
effect_housing,0.0728036165237426,0.1260292083024978,,0.2209021002054214,0.1932180821895599,0.1644944995641708,0.1277646273374557,0.1138492003083229,0.0960792154073715,0.2049285173416137,0.1751088500022888,0.1963814795017242,0.1829804331064224,0.10199785977602,0.1924091279506683,0.1373508274555206,0.1783961504697799,0.0518040545284748,0.1387261748313903,,0.1478755921125412,0.0758848264813423,0.1480737775564193,0.1479115039110183,0.1277174949645996,0.0527431778609752,0.1421079337596893,0.2396816462278366,0.0659910067915916,0.0810744240880012,0.1647289991378784,0.0790859907865524,0.1440002769231796,0.1305534541606903,0.152943268418312,0.2207186967134475,0.1290142834186554,0.1293653547763824,0.1295155733823776,0.1203192770481109,,0.0527907125651836,0.0944127142429351,0.1037574559450149,0.0758113041520118,0.115460954606533,0.1144429817795753,0.0832168906927108
effects_housing,0.0728036165237426,0.1260292083024978,,0.2209021002054214,0.1932180821895599,0.1644944995641708,0.1277646273374557,0.0590427555143833,0.0808284953236579,0.2049285173416137,0.1751088500022888,0.1963814795017242,0.1829804331064224,0.10199785977602,0.1702691465616226,0.1373508274555206,0.1783961504697799,,0.1387261748313903,,0.3154874444007873,0.0758848264813423,0.1480737775564193,0.0805482119321823,0.1277174949645996,0.1072291135787963,0.1421079337596893,0.2396816462278366,0.158922016620636,,0.1647289991378784,0.1086420565843582,0.1440002769231796,0.1305534541606903,0.152943268418312,0.2207186967134475,0.3066835701465606,0.1293653547763824,0.1295155733823776,0.143211081624031,,,0.0944127142429351,0.1037574559450149,0.0758113041520118,0.115460954606533,0.1144429817795753,
building_morphology,0.1650219857692718,0.2007080167531967,0.0750235989689827,0.2209021002054214,0.1932180821895599,0.1644944995641708,0.1025391668081283,0.1612486988306045,0.1719493418931961,0.1435739696025848,0.1163051798939704,,0.1829804331064224,0.1953465193510055,0.1412682682275772,0.0759651213884353,,0.079300545156002,0.1387261748313903,0.0901984795928001,0.1016649007797241,0.1179340705275535,0.1100731864571571,0.084727369248867,0.1337516158819198,0.0640153884887695,0.1343717128038406,0.2396816462278366,0.1641604304313659,0.2443999797105789,0.0957633405923843,,0.1345580518245697,0.1470589339733123,0.1523707062005996,0.2207186967134475,0.2321109622716903,0.1326643228530883,0.1539783924818039,0.1645864099264145,0.0922596305608749,0.1175527796149253,0.0838927626609802,0.098120093345642,0.0896062180399894,0.092516042292118,0.2330193519592285,0.2268356382846832
urban_greenness,0.1309002190828323,,0.1483282893896103,0.110310360789299,0.1932180821895599,0.1644944995641708,0.0882713869214057,0.123885877430439,0.1366433650255203,,0.2001139670610427,0.0956928953528404,0.1844510585069656,0.2447425127029419,0.1702691465616226,0.0766926109790802,0.1274666041135788,,0.0633263513445854,,0.0582878962159156,0.0593469925224781,0.1338468343019485,0.0805482119321823,0.1455057263374328,0.1816436201333999,0.1881054043769836,0.1475575417280197,,0.237972617149353,0.1647289991378784,0.1748486012220382,,0.1468107104301452,0.1271127462387085,0.1128082871437072,0.2518805563449859,0.1293653547763824,0.2281126677989959,0.1372441798448562,,0.1700323969125747,0.1768473237752914,,0.0758113041520118,0.1495277434587478,0.1144429817795753,0.1583661884069442
policy_housing,0.0728036165237426,0.1260292083024978,0.1378361582756042,0.2209021002054214,0.1932180821895599,0.1644944995641708,0.1025391668081283,0.1517872661352157,0.1195889487862587,0.1435739696025848,0.1163051798939704,,0.1829804331064224,0.1548261195421219,0.1702691465616226,0.0650447979569435,,,0.1387261748313903,0.0861522406339645,0.0849665775895118,0.1179340705275535,0.1100731864571571,0.0805482119321823,0.1277174949645996,0.0527431778609752,0.1421079337596893,0.2396816462278366,0.1524034887552261,0.1125667244195938,0.1647289991378784,0.0790859907865524,0.1440002769231796,0.1305534541606903,0.152943268418312,0.2207186967134475,0.1290142834186554,0.2293487638235092,0.1295155733823776,0.0943637862801551,0.1023927181959152,0.0589403882622718,0.0944127142429351,0.1037574559450149,0.0758113041520118,0.092516042292118,0.1144429817795753,0.0719659030437469
neighborhood_relations,0.1746499836444854,0.1109630316495895,0.1918569654226303,0.0806305408477783,0.0686888843774795,0.1021179258823394,0.0882713869214057,0.1364666372537613,0.2242670655250549,0.1634743511676788,0.1057019606232643,0.097073033452034,0.1776650249958038,0.0847861319780349,0.1702691465616226,0.1468929797410965,0.1024425849318504,0.1840698570013046,0.0927192941308021,0.1340948641300201,0.1561567485332489,0.1875543147325515,0.1290977895259857,0.1531573086977005,0.1277174949645996,0.0945056825876236,0.2115134447813034,0.1301982402801513,0.0636980161070823,0.0676426067948341,0.1647289991378784,0.1864561587572097,0.0606117285788059,0.1063501834869384,,0.1072290912270546,0.1290142834186554,0.1249350756406784,0.148676261305809,0.1761628687381744,0.2296458780765533,0.0501685366034507,0.0922285094857215,0.1659304499626159,0.2112560421228408,0.1245130598545074,0.1144429817795753,0.1985452771186828
company_housing,0.1015874221920967,0.1260292083024978,,0.2209021002054214,0.1932180821895599,0.1644944995641708,0.1025391668081283,0.0769469439983367,0.1195889487862587,0.1435739696025848,0.1163051798939704,,0.1829804331064224,0.10199785977602,0.1702691465616226,,,,0.1387261748313903,,0.0950510799884796,0.1179340705275535,0.1478355526924133,0.0805482119321823,0.1277174949645996,0.0527431778609752,0.2639295160770416,0.2396816462278366,0.1524034887552261,,0.1647289991378784,0.0790859907865524,0.1440002769231796,0.1305534541606903,0.152943268418312,0.2207186967134475,0.1290142834186554,0.1293653547763824,0.1295155733823776,0.2456616014242172,0.0856858417391777,0.0589403882622718,0.0944127142429351,0.1037574559450149,0.0758113041520118,0.092516042292118,0.1144429817795753,
housing_communities,0.0728036165237426,0.1260292083024978,0.0514662116765975,0.2209021002054214,0.1932180821895599,0.1644944995641708,0.0882713869214057,0.0590427555143833,0.0808284953236579,,0.1163051798939704,,0.1829804331064224,0.2327768057584762,0.1702691465616226,0.0971165150403976,,0.0707794800400734,0.1387261748313903,0.0532781071960926,0.2405025660991668,0.0758848264813423,0.0854134783148765,0.1051134914159774,0.1835123896598816,0.0527431778609752,0.1421079337596893,0.2396816462278366,0.0659910067915916,,0.1647289991378784,0.0790859907865524,0.1440002769231796,0.1305534541606903,0.152943268418312,0.2207186967134475,0.1290142834186554,0.1293653547763824,0.1295155733823776,0.0943637862801551,0.0916569530963897,,0.0944127142429351,0.1037574559450149,0.0765303000807762,,0.1144429817795753,
urban_settings,0.0728036165237426,0.1672970950603485,,0.2209021002054214,0.1932180821895599,0.1711511462926864,0.1549786776304245,0.0590427555143833,0.21071657538414,,0.1255680173635482,0.1455646455287933,0.1911368072032928,0.2741012275218963,0.2413341403007507,,0.0749101713299751,0.0676528736948967,0.1387261748313903,,0.1232436820864677,0.0758848264813423,0.069227360188961,0.0805482119321823,0.1277174949645996,0.0843530148267746,0.1999357193708419,0.2396816462278366,0.1430951654911041,0.1161842197179794,0.2255516648292541,0.0790859907865524,0.0646088570356369,0.1493700295686721,0.1912850737571716,0.2207186967134475,0.1862502992153167,0.1293653547763824,0.1295155733823776,0.0943637862801551,0.1151524186134338,0.0940541550517082,0.0922285094857215,0.0792250335216522,0.0811116993427276,,0.1541380286216735,0.1659188270568847
urban_infrastructure,0.0728036165237426,0.0634610950946807,0.0503511428833007,0.0593343786895275,0.1932180821895599,0.1644944995641708,0.0882713869214057,0.0590427555143833,0.0931985005736351,0.0602850876748561,0.1021838262677192,,0.0864104852080345,0.2491998225450515,0.1702691465616226,0.1407844722270965,0.1513965129852295,0.1459046602249145,0.0633263513445854,0.1959425061941146,0.0520750731229782,0.1577147096395492,0.1180591285228729,0.1077136322855949,0.1277174949645996,,0.1343717128038406,0.1475575417280197,0.1196827888488769,0.1144065707921981,0.1647289991378784,0.1496795564889907,,0.148120105266571,0.1291562914848327,0.091625802218914,0.3146061897277832,0.1293653547763824,0.0535497106611728,0.0529766231775283,0.0772414579987526,0.09341511875391,0.1273103654384613,0.1455734521150589,0.1343683749437332,0.0559956468641757,0.1542182266712188,
urban_living,0.1897512525320053,0.1260292083024978,,0.2209021002054214,0.1932180821895599,0.1644944995641708,0.0867485031485557,0.1817327439785003,0.0945533365011215,0.1297024935483932,0.1163051798939704,,0.1829804331064224,0.10199785977602,0.1412682682275772,,,,0.1387261748313903,0.0572438202798366,0.0639596059918403,0.0758848264813423,0.0609394311904907,0.0805482119321823,0.0745782479643821,0.1462467312812805,0.1343717128038406,0.2396816462278366,0.0659910067915916,0.1291559785604477,0.0722177922725677,0.125315636396408,0.1233056113123893,0.1305534541606903,0.1523707062005996,0.2207186967134475,0.1518523395061493,0.1293653547763824,0.1295155733823776,0.0943637862801551,0.0640192031860351,,0.0783906355500221,,,0.0512789003551006,0.0813004374504089,
urbanized,0.0728036165237426,,,0.1523934602737426,0.1932180821895599,0.1644944995641708,,0.0590427555143833,,,0.1021838262677192,,,0.10199785977602,0.1412682682275772,0.1265737861394882,,,0.0633263513445854,,,,0.0609394311904907,0.0805482119321823,0.0745782479643821,0.1545591652393341,0.1343717128038406,0.1475575417280197,0.0633735656738281,,0.0722177922725677,0.0705246850848198,,0.0544320717453956,,0.0695987343788147,,0.1293653547763824,,,0.1618540436029434,0.1953017711639404,0.0547276735305786,0.0757911279797554,,,0.1515951007604599,
green_urban,0.1309002190828323,0.1748549044132232,0.166587084531784,0.055742397904396,0.1932180821895599,0.1644944995641708,,0.1062641143798828,,0.1752612292766571,0.1021838262677192,,,0.10199785977602,0.1412682682275772,,,,0.1213868856430053,,,,0.0609394311904907,0.0805482119321823,0.1014762222766876,0.1816436201333999,0.1343717128038406,0.1475575417280197,,0.237972617149353,0.0722177922725677,,,0.0544320717453956,,0.0797621011734008,0.1907189637422561,0.1293653547763824,,,,0.1700323969125747,0.2446322739124298,0.0570871122181415,,,0.1523537933826446,
urban_residential,0.0728036165237426,0.0791048258543014,0.1389840692281723,,0.1932180821895599,0.1644944995641708,0.1154728680849075,0.0991404056549072,0.0594111159443855,0.1360402405261993,0.1021838262677192,0.1725941151380539,0.1406678408384323,0.2507132887840271,0.1702691465616226,0.0753629207611084,0.1171375066041946,0.053536083549261,0.1461912393569946,0.1941756606101989,0.0704627111554145,0.1050691977143287,0.2467721402645111,0.1287596225738525,0.1277174949645996,0.205514058470726,0.1343717128038406,0.1475575417280197,0.1107483208179473,0.1459138393402099,0.1647289991378784,0.0790859907865524,0.0732267946004867,0.1683441549539566,0.0748583450913429,0.1695628613233566,0.2456798255443573,0.1293653547763824,0.1414677947759628,0.0964854732155799,0.1682090014219284,0.2546600103378296,0.1765891164541244,0.2169483602046966,0.1317175328731537,0.118518091738224,0.2088558375835418,
compact_neighborhoods,0.2028639167547226,0.1109630316495895,,0.1308541595935821,0.1178164705634117,,0.1025391668081283,0.0857571884989738,0.2242670655250549,0.1435739696025848,0.072409488260746,0.097073033452034,0.2299894988536834,0.1464029252529144,0.1702691465616226,0.0594674721360206,0.1024425849318504,0.1840698570013046,0.1451338082551956,0.1066263914108276,0.1561567485332489,0.2429423779249191,0.1290977895259857,0.1842066645622253,0.1277174949645996,0.1935823410749435,0.0911849811673164,0.1301982402801513,0.1524034887552261,0.0630287155508995,0.1647289991378784,0.1864561587572097,0.2306883484125137,0.1093756854534149,0.0541816614568233,0.1521410793066024,0.1290142834186554,0.1454372853040695,0.1834814250469207,0.1761628687381744,0.2296458780765533,0.0589403882622718,0.0922285094857215,0.098120093345642,0.1041937172412872,0.1484603583812713,0.2064432203769683,0.1985452771186828
suburban_neighborhoods,0.0795297548174858,0.1109630316495895,0.2037612944841385,0.1686215996742248,0.1932180821895599,0.1644944995641708,0.1746501177549362,0.0857571884989738,0.2242670655250549,0.1196172013878822,0.1047175303101539,0.1514395326375961,0.1776650249958038,0.10199785977602,0.1702691465616226,0.0594674721360206,0.1024425849318504,0.1840698570013046,0.1301493793725967,0.1327603459358215,0.1561567485332489,0.1875543147325515,0.1358132064342498,0.1531573086977005,0.1537505537271499,0.1333899796009063,0.1498534977436065,0.1475575417280197,0.0782319754362106,0.0811022967100143,0.1647289991378784,0.1864561587572097,0.1023835986852645,0.0981250181794166,0.0961681753396987,0.1072290912270546,0.1290142834186554,0.1293653547763824,0.148676261305809,0.1761628687381744,0.2296458780765533,0.1249296590685844,0.1547834128141403,0.0667171105742454,0.1041937172412872,0.1245130598545074,0.268654853105545,0.2119388133287429
urban_forms,0.1028221473097801,,,0.1098170578479766,0.1932180821895599,0.1644944995641708,0.1081975027918815,0.0590427555143833,,0.0631535202264785,0.1735905110836029,0.200430229306221,0.1906412243843078,0.10199785977602,0.2012423723936081,0.1252086758613586,0.1261052936315536,0.1450969874858856,0.1514890938997268,,,0.0593469925224781,0.08384720236063,0.0805482119321823,0.1277174949645996,0.09119713306427,0.1343717128038406,0.1475575417280197,0.1568262428045272,,0.1647289991378784,0.0790859907865524,,0.0889783278107643,,0.091625802218914,0.1290142834186554,0.1293653547763824,,0.112281784415245,0.2323817759752273,0.1936688423156738,0.0922285094857215,,0.0922360867261886,,0.1144429817795753,0.1204912140965461
neighborhood_social,,0.1109630316495895,,0.0806305408477783,,0.055044375360012,0.0882713869214057,0.1450866609811782,0.2242670655250549,0.1196172013878822,,0.097073033452034,0.1776650249958038,0.0739605352282524,0.1702691465616226,0.0594674721360206,0.1413065940141677,0.1840698570013046,0.1277553439140319,0.104159265756607,0.1561567485332489,0.1875543147325515,0.1290977895259857,0.1531573086977005,0.1277174949645996,,0.1180930882692337,0.2271945923566818,0.094728484749794,0.0630287155508995,0.1647289991378784,0.1864561587572097,0.0586084388196468,0.0551486834883689,0.1697913110256195,0.2729853987693786,0.1290142834186554,0.1249350756406784,0.148676261305809,0.1817103773355484,0.2296458780765533,0.0918426513671875,0.1243455931544303,0.1027522683143615,0.1419827342033386,0.1245130598545074,0.1144429817795753,0.1985452771186828
compact_city,0.0828083753585815,0.1813453733921051,0.1542306989431381,0.2141342908143997,0.1178164705634117,0.0791436210274696,0.1025391668081283,0.0794229656457901,0.1195889487862587,0.1991143971681594,0.2556394636631012,,0.2299894988536834,0.1464029252529144,0.0952183380722999,,0.0947074145078659,0.0731975138187408,0.1451338082551956,0.1066263914108276,0.1160181164741516,0.2429423779249191,0.1192233338952064,0.1842066645622253,,0.0775591507554054,,0.1136941164731979,0.1524034887552261,0.0957053005695343,0.1321760863065719,0.0628004819154739,0.1345580518245697,0.1093756854534149,,0.1521410793066024,0.0871500968933105,0.1454372853040695,0.1834814250469207,0.0793756172060966,0.0856858417391777,0.074590653181076,0.0855137035250663,0.098120093345642,,0.1484603583812713,0.2064432203769683,
city_residents,0.0828083753585815,0.1313878893852234,0.1542306989431381,0.2141342908143997,0.1124437153339386,0.0791436210274696,0.1154728680849075,0.0991404056549072,0.0594111159443855,0.1991143971681594,0.2556394636631012,0.1568191945552826,0.1463645994663238,0.2507132887840271,0.1702691465616226,,,0.0731975138187408,0.1270766854286193,0.1168971806764602,0.0704627111554145,0.0593469925224781,0.2467721402645111,0.0926254391670227,0.1277174949645996,0.142677754163742,0.1155869588255882,0.131318986415863,0.1107483208179473,0.1459138393402099,0.1647289991378784,0.1808236539363861,0.0732267946004867,0.1683441549539566,0.0508600026369094,0.1695628613233566,0.2456798255443573,0.121082529425621,0.1414677947759628,0.0716589018702507,0.1682090014219284,0.074590653181076,0.1765891164541244,0.1102357357740402,0.1721657663583755,0.0690821558237075,0.1144429817795753,0.226511999964714
urban_sprawl,0.0784755051136016,,,0.1132360473275184,0.1932180821895599,0.1644944995641708,0.1457061618566513,0.1315701901912689,0.1764449477195739,0.1435739696025848,0.1027465313673019,0.0858457759022712,0.0661259144544601,0.10199785977602,0.1702691465616226,0.3218016624450683,0.2709801793098449,,0.1234315931797027,0.0669622123241424,,0.1181693077087402,0.1100731864571571,0.0805482119321823,0.1277174949645996,0.0604662261903286,0.1343717128038406,0.1475575417280197,0.1524034887552261,,0.1647289991378784,0.0996470972895622,0.1345580518245697,0.1093756854534149,,0.1049012467265129,0.1290142834186554,0.1293653547763824,,0.1451743245124817,0.0856858417391777,0.0733389854431152,0.0922285094857215,0.098120093345642,0.0758113041520118,0.092516042292118,0.1894842684268951,0.1881405264139175
